Es ist ein Weinen in der Welt,
Als ob der liebe Gott gestorben wär,
Und der bleierne Schatten, der niederfällt,
Lastet grabesschwer.
Komm, wir wollen uns näher verbergen…
Das Leben liegt in aller Herzen
Wie in Särgen.
Du! wir wollen uns tief küssen -
Es pocht eine Sehnsucht an die Welt,
An der wir sterben müssen.
Der Mond tritt aus der gelben Wolkenwand.
Die Irren hängen an den Gitterstäben,
Wie große Spinnen, die an Mauern kleben.
Entlang den Gartenzaun fährt ihre Hand.
In offnen Sälen sieht man Tänzer schweben.
Der Ball der Irren ist es. Plötzlich schreit
Der Wahnsinn auf. Das Brüllen pflanzt sich weit,
Daß alle Mauern von dem Lärme beben.
Mit dem er eben über Hume gesprochen,
Den Arzt ergreift ein Irrer mit Gewalt.
Er liegt im Blut. Sein Schädel ist zebrochen.
Der Haufe Irrer schaut vergnügt. Doch bald
Enthuschen sie, da fern die Peitsche knallt,
Den Mäusen gleich, die in die Erde krochen.
O, der Wahnsinn der großen Stadt, da am Abend
An schwarzer Mauer verkrüppelte Bäume starren,
Aus silberner Maske der Geist des Bösen schaut;
Licht mit magnetischer Geißel die steinerne Nacht verdrängt.
O, das versunkene Läuten der Abendglocken.
Hure, die in eisigen Schauern ein totes Kindlein gebärt.
Rasend peitscht Gottes Zorn die Stirne der Besessenen,
Purpurne Seuche, Hunger, der grüne Augen zerbricht.
O, das gräßliche Lachen des Golds.
Aber stille blutet in dunkler Höhle stummere Menschheit,
Fügt aus harten Metallen das erlösende Haupt.
In einem alten Buche stieß ich auf ein Wort,
Das traf mich wie ein Schlag und brennt durch meine Tage fort:
Und wenn ich mich an trübe Lust vergebe,
Schein, Lug und Spiel zu mir anstatt des Wesens hebe,
Wenn ich gefällig mich mit raschem Sinn belüge,
Als wäre Dunkles klar, als wenn nicht Leben tausend wild verschloßne Tore trüge,
Und Worte wiederspreche, deren Weite nie ich ausgefühlt,
Und Dinge fasse, deren Sein mich niemals aufgewühlt,
Wenn mich willkommner Traum mit Sammethänden streicht,
Und Tag und Wirklichkeit von mir entweicht,
Der Welt entfremdet, fremd dem tiefsten Ich,
Dann steht das Wort mir auf: Mensch, werde wesentlich!
Der Himmel, groß, voll herrlicher Verhaltung,
ein Vorrat Raum, ein Übermaß von Welt.
Und wir, zu ferne für die Angestaltung,
zu nahe für die Abkehr hingestellt.
Da fällt ein Stern! Und unser Wunsch an ihn,
bestürzten Aufblicks, dringend angeschlossen:
Was ist begonnen, und was ist verflossen?
Was ist verschuldet? Und was ist verziehn?
Und frische Nahrung, neues Blut
Saug’ ich aus freyer Welt;
Wie ist Natur so hold und gut,
Die mich am Busen hält!
Die Welle wieget unsern Kahn
Im Rudertakt hinauf,
Und Berge, wolkig himmelan,
Begegnen unserm Lauf.
Aug’, mein Aug’, was sinkst du nieder?
Goldne Träume kommt ihr wieder?
Weg, du Traum! so Gold du bist;
Hier auch Lieb’ und Leben ist.
Auf der Welle blinken
Tausend schwebende Sterne,
Weiche Nebel trinken
Rings die thürmende Ferne;
Morgenwind umflügelt
Die beschattete Bucht,
Und im See bespiegelt
Sich die reifende Frucht.
Sah ein Knab’ ein Röslein stehn,
Röslein auf der Heiden,
War so jung und morgenschön,
Lief er schnell es nah zu sehn,
Sah’s mit vielen Freuden.
Röslein, Röslein, Röslein roth,
Röslein auf der Heiden.
Knabe sprach: ich breche dich,
Röslein auf der Heiden!
Röslein sprach: ich steche dich,
Daß du ewig denkst an mich,
Und ich will’s nicht leiden.
Röslein, Röslein, Röslein roth,
Röslein auf der Heiden.
Und der wilde Knabe brach
’s Röslein auf der Heiden;
Röslein wehrte sich und stach,
Half ihm doch kein Weh und Ach,
Mußt’ es eben leiden.
Röslein, Röslein, Röslein roth,
Röslein auf der Heiden.
Es sang vor langen Jahren
Wohl auch die Nachtigall,
Das war wohl süßer Schall,
Da wir zusammen waren.
Ich sing' und kann nicht weinen,
Und spinne so allein
Den Faden klar und rein
So lang der Mond wird scheinen.
Als wir zusammen waren
Da sang die Nachtigall
Nun mahnet mich ihr Schall
Daß du von mir gefahren.
So oft der Mond mag scheinen,
Denk' ich wohl dein allein.
Mein Herz ist klar und rein,
Gott wolle uns vereinen.
Seit du von mir gefahren,
Singt stets die Nachtigall,
Ich denk' bei ihrem Schall,
Wie wir zusammen waren.
Gott wolle uns vereinen
Hier spinn'ich so allein,
Der Mond scheint klar und rein,
Ich sing' und möchte weinen.
In einem kühlen Grunde
Da geht ein Mühlenrad,
Mein Liebste ist verschwunden,
Die dort gewohnet hat.
Sie hat mir Treu versprochen,
Gab mir ein'n Ring dabei,
Sie hat die Treu gebrochen,
Mein Ringlein sprang entzwei.
Ich möcht als Spielmann reisen
Weit in die Welt hinaus,
Und singen meine Weisen,
Und gehn von Haus zu Haus.
Ich möcht als Reiter fliegen
Wohl in die blut'ge Schlacht,
Um stille Feuer liegen
Im Feld bei dunkler Nacht.
Hör ich das Mühlrad gehen:
Ich weiß nicht, was ich will -
Ich möcht am liebsten sterben,
Da wär's auf einmal still!
Ännchen von Tharau ist's die mir gefällt,
Sie ist mein Leben, mein Gut und mein Geld.
Ännchen von Tharau hat wieder ihr Herz
Auf mich gerichtet, in Lieb und in Schmerz
Ännchen von Tharau, mein Reichtum, mein Gut,
Du meine Seele, mein Fleisch und mein Blut.
Käm' alles Wetter gleich auf uns zu schlah'n
Wir sind gesinnt, beieinander zu stah'n.
Krankheit, Verfolgung, Betrübnis und Pein
Soll unsrer Liebe Verknotigung sein.
Ännchen von Tharau, mein Reichtum, mein Gut,
Du meine Seele, mein Fleisch und mein Blut.
Recht als ein Palmbaum über sich steigt,
Je mehr ihn Hagel und Regen angreift:
So werd' die Lieb in uns mächtig und groß,
Durch Kreuz, durch Leiden, durch allerlei Not.
Ännchen von Tharau, mein Reichtum, mein Gut,
Du meine Seele, mein Fleisch und mein Blut.
Würdest du gleich einmal von mir getrennt,
Lebtest da, wo man die Sonne kaum kennt:
Ich will dir folgen, durch Wälder, durch Meer,
Durch Eis, durch Eisen, durch feindliches Heer.
Ännchen von Tharau, mein' Sonne, mein Schein,
Mein Leben schließ' ich in deines hinein
Ich weiß nicht was soll es bedeuten,
Dass ich so traurig bin;
Ein Märchen aus uralten Zeiten,
Das kommt mir nicht aus dem Sinn.
Die Luft ist kühl und es dunkelt,
Und ruhig fließt der Rhein;
Der Gipfel des Berges funkelt
Im Abendsonnenschein.
Die schönste Jungfrau sitzet
Dort oben wunderbar;
Ihr goldnes Geschmeide blitzet,
Sie kämmt ihr goldenes Haar.
Sie kämmt es mit goldenem Kamme
Und singt ein Lied dabei;
Das hat eine wundersame,
Gewaltige Melodei.
Den Schiffer im kleinen Schiffe
Ergreift es mit wildem Weh;
Er schaut nicht die Felsenriffe,
Er schaut nur hinauf in die Höh.
Ich glaube, die Wellen verschlingen
Am Ende Schiffer und Kahn;
Und das hat mit ihrem Singen
Die Lore-Ley getan.
Schläft ein Lied in allen Dingen,
Die da träumen fort und fort,
Und die Welt hebt an zu singen,
Triffst du nur das Zauberwort.
Augen, meine lieben Fensterlein,
Gebt mir schon so lange holden Schein,
Lasset freundlich Bild um Bild herein:
Einmal werdet ihr verdunkelt sein!
Fallen einst die müden Lider zu,
Löscht ihr aus, dann hat die Seele Ruh;
Tastend streift sie ab die Wanderschuh',
Legt sich auch in ihre finstre Truh.
Noch zwei Fünklein sieht sie glimmend stehn,
Wie zwei Sternlein innerlich zu sehn,
Bis sie schwanken und dann auch vergehn,
Wie von eines Falters Flügelwehn.
Doch noch wandl' ich auf dem Abendfeld,
Nur dem sinkenden Gestirn gesellt;
Trinkt, o Augen, was die Wimper hält,
Von dem goldnen Überfluß der Welt!
Dem Bürger fliegt vom spitzen Kopf der Hut,
In allen Lüften hallt es wie Geschrei.
Dachdecker stürzen ab und gehn entzwei
Und an den Küsten – liest man – steigt die Flut.
Der Sturm ist da, die wilden Meere hupfen
An Land, um dicke Dämme zu zerdrücken.
Die meisten Menschen haben einen Schnupfen.
Die Eisenbahnen fallen von den Brücken.
Ein haar so kühnlich trotz der Berenice spricht
Ein mund / der rosen führt und perlen in sich heget
Ein zünglein / so ein gifft vor tausend hertzen träget
Zwo brüste / wo rubin durch alabaster bricht
Ein hals / der schwanen-schnee weit weit zurücke sticht
Zwey wangen / wo die pracht der Flora sich beweget
Ein blick / der blitze führt und männer niederleget
Zwey armen / derer krafft offt leuen hingericht
Ein hertz / aus welchem nichts als mein verderben quillet
Ein wort / so himmlisch ist / und mich verdammen kan
Zwey hände / derer grimm mich in den bann gethan
Und durch ein süsses gifft die seele selbst umhüllet
Ein zierrath / wie es scheint / im paradieß gemacht
Hat mich um meinen witz und meine freyheit bracht.
Minden ist eine feste Burg,
Hat gute Wehr und Waffen!
Mit preußischen Festungen hab ich jedoch
Nicht gerne was zu schaffen.
Wir kamen dort an zur Abendzeit.
Die Planken der Zugbrück' stöhnten
So schaurig, als wir hinübergerollt;
Die dunklen Gräben gähnten.
Die hohen Bastionen schauten mich an,
So drohend und verdrossen;
Das große Tor ging rasselnd auf,
Ward rasselnd wieder geschlossen.
Ach! meine Seele ward betrübt,
Wie des Odysseus Seele,
Als er gehört, daß Polyphem
Den Felsblock schob vor die Höhle.
Es trat an den Wagen ein Korporal
Und frug uns: wie wir hießen?
»Ich heiße Niemand, bin Augenarzt
Und steche den Star den Riesen.«
Im Wirtshaus ward mir noch schlimmer zumut,
Das Essen wollt mir nicht schmecken.
Ging schlafen sogleich, doch schlief ich nicht,
Mich drückten so' schwer die Decken.
Es war ein breites Federbett,
Gardinen von rotem Damaste,
Der Himmel von verblichenem Gold,
Mit einem schmutzigen Quaste.
Verfluchter Quast! der die ganze Nacht
Die liebe Ruhe mir raubte!
Er hing mir, wie des Damokles Schwert,
So drohend über dem Haupte!
Schien manchmal ein Schlangenkopf zu sein,
Und ich hörte ihn heimlich zischen:
»Du bist und bleibst in der Festung jetzt,
Du kannst nicht mehr entwischen!«
»Oh, daß ich wäre« – seufzte ich –,
»Daß ich zu Hause wäre,
Bei meiner lieben Frau in Paris,
Im Faubourg Poissonnière!«
Ich fühlte, wie über die Stirne mir
Auch manchmal etwas gestrichen,
Gleich einer kalten Zensorhand,
Und meine Gedanken wichen –
Gendarmen in Leichenlaken gehüllt,
Ein weißes Spukgewirre,
Umringte mein Bett, ich hörte auch
Unheimliches Kettengeklirre.
Ach! Die Gespenster schleppten mich fort,
Und ich hab mich endlich befunden
An einer steilen Felsenwand;
Dort war ich festgebunden.
Der böse schmutzige Betthimmelquast!
Ich fand ihn gleichfalls wieder,
Doch sah er jetzt wie ein Geier aus,
Mit Krallen und schwarzem Gefieder.
Er glich dem preußischen Adler jetzt,
Und hielt meinen Leib umklammert;
Er fraß mir die Leber aus der Brust,
Ich habe gestöhnt und gejammert.
Ich jammerte lange – da krähte der Hahn,
Und der Fiebertraum erblaßte.
Ich lag zu Minden im schwitzenden Bett,
Der Adler ward wieder zum Quaste.
Ich reiste fort mit Extrapost,
Und schöpfte freien Odem
Erst draußen in der freien Natur,
Auf bückeburg'schem Boden.
Mit einem Dach und seinem Schatten dreht
sich eine kleine Weile der Bestand
von bunten Pferden, alle aus dem Land,
das lange zögert, eh es untergeht.
Zwar manche sind an Wagen angespannt,
doch alle haben Mut in ihren Mienen;
ein böser roter Löwe geht mit ihnen
und dann und wann ein weißer Elefant.
Sogar ein Hirsch ist da, ganz wie im Wald,
nur dass er einen Sattel trägt und drüber
ein kleines blaues Mädchen aufgeschnallt.
Und auf dem Löwen reitet weiß ein Junge
und hält sich mit der kleinen heißen Hand
dieweil der Löwe Zähne zeigt und Zunge.
Und dann und wann ein weißer Elefant.
Und auf den Pferden kommen sie vorüber,
auch Mädchen, helle, diesem Pferdesprunge
fast schon entwachsen; mitten in dem Schwunge
schauen sie auf, irgendwohin, herüber -
Und dann und wann ein weißer Elefant.
Und das geht hin und eilt sich, dass es endet,
und kreist und dreht sich nur und hat kein Ziel.
Ein Rot, ein Grün, ein Grau vorbeigesendet,
ein kleines kaum begonnenes Profil -.
Und manchesmal ein Lächeln, hergewendet,
ein seliges, das blendet und verschwendet
an dieses atemlose blinde Spiel...
Die Masten ragen an dem grauen Wall
Wie ein verbrannter Wald ins frühe Rot,
So schwarz wie Schlacke. Wo das Wasser tot
Zu Speichern stiert, die morsch und im Verfall.
Dumpf tönt der Schall, da wiederkehrt die Flut,
Den Kai entlang. Der Stadtnacht Spülicht treibt
Wie eine weiße Haut im Strom und reibt
Sich an dem Dampfer, der im Docke ruht.
Staub, Obst, Papier, in einer dicken Schicht,
So treibt der Kot aus seinen Röhren ganz.
Ein weißes Tanzkleid kommt, in fettem Glanz
Ein nackter Hals und bleiweiß ein Gesicht.
Die Leiche wälzt sich ganz heraus. Es bläht
Das Kleid sich wie ein weißes Schiff im Wind.
Die toten Augen starren groß und blind
Zum Himmel, der voll rosa Wolken steht.
Das lila Wasser bebt von kleiner Welle.
- Der Wasserratten Fährte, die bemannen
Das weiße Schiff. Nun treibt es stolz von dannen,
Voll grauer Köpfe und voll schwarzer Felle.
Die Tote segelt froh hinaus, gerissen
Von Wind und Flut. Ihr dicker Bauch entragt
Dem Wasser groß, zerhöhlt und fast zernagt.
Wie eine Grotte dröhnt er von den Bissen.
Sie treibt ins Meer. Ihr salutiert Neptun
Von einem Wrack, da sie das Meer verschlingt,
Darinnen sie zur grünen Tiefe sinkt,
Im Arm der feisten Kraken auszuruhn.
Am Abend, wenn wir auf dunklen Pfaden gehn,
Erscheinen unsere bleichen Gestalten vor uns.
Wenn uns dürstet,
Trinken wir die weißen Wasser des Teichs,
Die Süße unserer traurigen Kindheit.
Erstorbene ruhen wir unterm Hollundergebüsch,
Schaun den grauen Möven zu.
Frühlingsgewölke steigen über die finstere Stadt,
Die der Mönche edlere Zeiten schweigt.
Da ich deine schmalen Hände nahm
Schlugst du leise die runden Augen auf,
Dieses ist lange her.
Doch wenn dunkler Wohllaut die Seele heimsucht,
Erscheinst du Weiße in des Freundes herbstlicher Landschaft.
Ein dicker Junge spielt mit einem Teich.
Der Wind hat sich in einem Baum gefangen.
Der Himmel sieht verbummelt aus und bleich,
Als wäre ihm die Schminke ausgegangen.
Auf lange Krücken schief herabgebückt
Und schwatzend kriechen auf dem Feld zwei Lahme.
Ein blonder Dichter wird vielleicht verrückt.
Ein Pferdchen stolpert über eine Dame.
An einem Fenster klebt ein fetter Mann.
Ein Jüngling will ein weiches Weib besuchen.
Ein grauer Clown zieht sich die Stiefel an.
Ein Kinderwagen schreit und Hunde fluchen.
Am Abend tönen die herbstlichen Wälder
Von tötlichen Waffen, die goldnen Ebenen
Und blauen Seen, darüber die Sonne
Düster hinrollt; umfängt die Nacht
Sterbende Krieger, die wilde Klage
Ihrer zerbrochenen Münder.
Doch stille sammelt im Weidengrund
Rotes Gewölk, darin ein zürnender Gott wohnt,
Das vergossne Blut sich, mondne Kühle;
Alle Straßen münden in schwarze Verwesung.
Unter goldnem Gezweig der Nacht und Sternen
Es schwankt der Schwester Schatten durch den schweigenden Hain,
Zu grüßen die Geister der Helden, die blutenden Häupter;
Und leise tönen im Rohr die dunkeln Flöten des Herbstes.
O stolzere Trauer! ihr ehernen Altäre,
Die heiße Flamme des Geistes nährt heute ein gewaltiger Schmerz,
Die ungebornen Enkel.
Wenn du zur Arbeit gehst
am frühen Morgen,
wenn du am Bahnhof stehst
Mit deinen Sorgen:
da zeigt die Stadt
dir asphaltglatt
im Menschentrichter
Millionen Gesichter:
Zwei fremde Augen, ein kurzer Blick,
die Braue, Pupillen, die Lider –
Was war das? vielleicht dein Lebensglück...
vorbei, verweht, nie wieder.
Du gehst dein Leben lang
auf tausend Straßen;
du siehst auf deinem Gang,
die dich vergaßen.
Ein Auge winkt,
die Seele klingt;
du hasts gefunden,
nur für Sekunden...
Zwei fremde Augen, ein kurzer Blick,
die Braue, Pupillen, die Lider;
Was war das? kein Mensch dreht die Zeit zurück...
vorbei, verweht, nie wieder.
Du mußt auf deinem Gang
durch Städte wandern;
siehst einen Pulsschlag lang
den fremden Andern.
Es kann ein Feind sein,
es kann ein Freund sein,
es kann im Kampfe dein
Genosse sein.
Er sieht hinüber
und zieht vorüber...
Zwei fremde Augen, ein kurzer Blick,
die Braue, Pupillen, die Lider.
Was war das?
Von der großen Menschheit ein Stück!
Vorbei, verweht, nie wieder.
Es wird der bleiche tod mit seiner kalten hand
Dir endlich mit der zeit umb deine brüste streichen /
Der liebliche corall der lippen wird verbleichen;
Der schultern warmer schnee wird werden kalter sand /
Der ugen süsser blitz / die kräffte deiner hand /
Für welchen solches fällt / die werden zeitlich weichen /
Das haar / das itzund kan des goldes glantz erreichen /
Tilget endlich tag und jahr als ein gemeines band.
Der wohlgesetzte fuß / die lieblichen gebärden /
Die werden theils zu staub / theils nichts und nichtig werden /
Denn opfert keiner mehr der gottheit deiner pracht.
Diß und noch mehr als diß muß endlich untergehen /
Dein hertze kan allein zu aller zeit bestehen /
Dieweil es die natur aus diamant gemacht.
Wunderseliger Mann, welcher der Stadt entfloh!
Jedes Säuseln des Baums, jedes Geräusch des Bachs,
Jeder blinkende Kiesel,
Predigt Tugend und Weisheit ihm!
Jedes Schattengesträuch ist ihm ein heiliger
Tempel, wo ihm sein Gott näher vorüberwallt;
Jeder Rasen ein Altar,
Wo er vor dem Erhabnen kniet.
Seine Nachtigall tönt Schlummer herab auf ihn,
Seine Nachtigall weckt flötend ihn wieder auf,
Wenn das liebliche Frühroth
Durch die Bäum' auf sein Bette scheint.
Dann bewundert er dich, Gott, in der Morgenflur,
In der steigenden Pracht deiner Verkünderin,
Der allherrlichen Sonne,
Dich im Wurm, und im Knospenzweig.
Ruht im wehenden Gras, wann sich die Kühl' ergießt,
Oder strömet den Quell über die Blumen aus;
Trinkt den Athem der Blüthe,
Trinkt die Milde der Abendluft.
Sein bestrohetes Dach, wo sich das Taubenvolk
Sonnt, und spielet und hüpft, winket ihm süßre Rast,
Als dem Städter der Goldsaal,
Als der Polster der Städterin.
Und der spielende Trupp schwirret zu ihm herab,
Gurrt und säuselt ihn an, flattert ihm auf den Korb;
Picket Krumen und Erbsen,
Picket Körner ihm aus der Hand.
Einsam wandelt er oft, Sterbegedanken voll,
Durch die Gräber des Dorfs, sezet sich auf ein Grab,
Und beschauet die Kreuze,
Und den wehenden Todtenkranz.
Wunderseliger Mann, welcher der Stadt entfloh!
Engel segneten ihn, als er geboren ward,
Streuten Blumen des Himmels
Auf die Wiege des Knaben aus.
Es schlug mein Herz, geschwind zu Pferde!
Es war getan fast eh gedacht;
Der Abend wiegte schon die Erde
Und an den Bergen hing die Nacht
Schon stand im Nebelkleid die Eiche
Ein aufgetürmter Riese, da,
Wo Finsternis aus dem Gesträuche
Mit hundert schwarzen Augen sah.
Der Mond von einem Wolkenhügel
Sah kläglich aus dem Duft hervor;
Die winde schwangen leise Flügel
Umsausten schauerlich mein Ohr
Die Nacht schuf tausend Ungeheuer
Doch frisch und fröhlich war mein Mut
In meinen Adern welches Feuer!
In meinen Herzen welche Glut!
Dich sah ich, und die milde Freude
Floß von dem süßen Blick auf mich;
Ganz war mein Herz an deiner Seite
Und jeder Atemzug für dich.
Ein rosafarbenes Frühlingswetter
Umgab das liebliche Gesicht,
Und Zärtlichkeit für mich - ihr Götter!
Ich hofft es, ich verdient es nicht!
Doch, ach schon mit der Morgensonne
Verengt der Abschied mir das Herz
In deinen Küssen welche Wonne!
In deinem Auge welcher Schmerz!
Ich ging und du standst und sahst zu Erden
Und sahst mir nach mit nassen Blick:
Und doch welch Glück geliebt zu werden!
Und lieben, Götter, welch ein Glück!
Frühling soll mit süßen Blicken
Mich entzücken und berücken,
Sommer mich mit Frucht und Myrthen
Reich bewirten, froh umgürten.
Herbst, du sollst mich Haushalt lehren,
Zu entbehren, zu begehren,
Und du Winter lehr mich sterben,
Mich verderben, Frühling erben.
Wenn der uralte,
Heilige Vater
Mit gelassener Hand
Aus rollenden Wolken
Segnende Blitze
Über die Erde sät
Küss ich den letzten
Saum seines Kleides,
Kindliche Schauer
Treu in der Brust.
Denn mit Göttern
Soll sich nicht messen
Irgend ein Mensch.
Hebt er sich aufwärts
Und berührt
Mit dem Scheitel die Sterne,
Nirgends haften dann
Die unsichern Sohlen,
Und mit ihm spielen
Wolken und Winde.
Steht er mit festen,
Markigen Knochen
Auf der wohlgegründeten
Dauernden Erde,
Reicht er nicht auf,
Nur mit der Eiche
Oder der Rebe
Sich zu vergleichen.
Was underscheidet
Götter von Menschen?
Daß viele Wellen
Vor jenen wandeln,
Ein ewiger Strom:
Uns hebt die Welle,
Verschlingt die Welle,
Und wir versinken.
Ein kleiner Ring
Begrenzt unser Leben,
Und viele Geschlechter
Reihen sie dauernd,
An ihres Daseins
Unendliche Kette.
Größers wolltest auch du, aber die Liebe zwingt
All uns nieder, das Leid beuget gewaltiger,
Doch es kehret umsonst nicht
Unser Bogen, woher er kommt.
Aufwärts oder hinab! herrschet in heilger Nacht,
Wo die stumme Natur werdende Tage sinnt,
Herrscht im schiefesten Orkus
Nicht ein Grades, ein Recht noch auch?
Dies erfuhr ich. Denn nie, sterblichen Meistern gleich,
Habt ihr Himmlischen, ihr Alleserhaltenden,
Daß ich wüßte, mit Vorsicht
Mich des ebenen Pfads geführt.
Alles prüfe der Mensch, sagen die Himmlischen,
Daß er, kräftig genährt, danken für Alles lern',
Und verstehe die Freiheit,
Aufzubrechen, wohin er will.
Mein oft bestürmtes Schiff, der grimmen Winde Spiel,
Der frechen Wellen Ball, das schier die Flut getrennet,
Das über Klipp' auf Klipp' und Schaum und Sand gerennet,
Kommt vor der zeit an' Port, den meine Seele will.
Oft, wenn uns schwarze Nacht im Mittag überfiel,
Hat der geschwinde Blitz die Segel schier verbrennet!
Wie oft hab' ich den Wind und Nord und Süd verkennet!
Wie schadhaft ist der Mast, Steu'rruder, Schwert und Kiel.
Steig aus, du müder Geist! Steig aus! Wir sind am Lande!
Was graut dir für dem Port? Jetzt wirst du aller Bande
Und Angst und herber Pein und schwerer Schmerzen los.
Ade, verfluchte Welt. Du See voll rauher Stürme:
Glück zu, mein Vaterland, das stete Ruh' im Schirme
Und Schutz und Frieden hält, du ewiglichtes Schloß!
Wir sind durch Not und Freude
Gegangen Hand in Hand,
Vom Wandern ruhen wir beide
Nun überm stillen Land.
Rings sich die Täler neigen,
Es dunkelt schon die Luft,
Zwei Lerchen nur noch steigen
Nachträumend in den Duft.
Tritt her und laß sie schwirren,
Bald ist es Schlafenszeit,
Daß wir uns nicht verirren
In dieser Einsamkeit.
O weiter, stiller Friede!
So tief im Abendrot ,
Wie sind wir wandermüde –
Ist das etwa der Tod?
Ich ging nach Haus und schlief, als ob
Die Engel gewiegt mich hätten.
Man ruht in deutschen Betten so weich,
Denn das sind Federbetten.
Wie sehnt ich mich oft nach der Süßigkeit
Des vaterländischen Pfühles,
Wenn ich auf harten Matratzen lag,
In der schlaflosen Nacht des Exiles!
Man schläft sehr gut und träumt auch gut
In unseren Federbetten.
Hier fühlt die deutsche Seele sich frei
Von allen Erdenketten.
Sie fühlt sich frei und schwingt sich empor
Zu den höchsten Himmelsräumen.
O deutsche Seele, wie stolz ist dein Flug
In deinen nächtlichen Träumen!
Die Götter erbleichen, wenn du nahst!
Du hast auf deinen Wegen
Gar manches Sternlein ausgeputzt
Mit deinen Flügelschlägen!
Franzosen und Russen gehört das Land,
Das Meer gehört den Briten,
Wir aber besitzen im Luftreich des Traums
Die Herrschaft unbestritten.
Hier üben wir die Hegemonie,
Hier sind wir unzerstückelt;
Die andern Völker haben sich
Auf platter Erde entwickelt. – –
Und als ich einschlief, da träumte mir,
Ich schlenderte wieder im hellen
Mondschein die hallenden Straßen entlang,
In dem altertümlichen Köllen.
Und hinter mir ging wieder einher
Mein schwarzer, vermummter Begleiter.
Ich war so müde, mir brachen die Knie,
Doch immer gingen wir weiter.
Wir gingen weiter. Mein Herz in der Brust
War klaffend aufgeschnitten,
Und aus der Herzenswunde hervor
Die roten Tropfen glitten.
Ich tauchte manchmal die Finger hinein,
Und manchmal ist es geschehen,
Daß ich die Haustürpfosten bestrich
Mit dem Blut im Vorübergehen.
Und jedesmal, wenn ich ein Haus
Bezeichnet in solcher Weise,
Ein Sterbeglöckchen erscholl fernher,
Wehmütig wimmernd und leise.
Am Himmel aber erblich der Mond,
Er wurde immer trüber;
Gleich schwarzen Rossen jagten an ihm
Die wilden Wolken vorüber.
Und immer ging hinter mir einher
Mit seinem verborgenen Beile
Die dunkle Gestalt – so wanderten wir
Wohl eine gute Weile.
Wir gehen und gehen, bis wir zuletzt
Wieder zum Domplatz gelangen;
Weit offen standen die Pforten dort,
Wir sind hineingegangen.
Es herrschte im ungeheuren Raum
Nur Tod und Nacht und Schweigen;
Es brannten Ampeln hie und da,
Um die Dunkelheit recht zu zeigen.
Ich wandelte lange den Pfeilern entlang
Und hörte nur die Tritte
Von meinem Begleiter, er folgte mir
Auch hier bei jedem Schritte.
Wir kamen endlich zu einem Ort,
Wo funkelnde Kerzenhelle
Und blitzendes Gold und Edelstein;
Das war die Drei-Königs-Kapelle.
Die Heil'gen Drei Könige jedoch,
Die sonst so still dort lagen,
O Wunder! sie saßen aufrecht jetzt
Auf ihren Sarkophagen.
Drei Totengerippe, phantastisch geputzt,
Mit Kronen auf den elenden
Vergilbten Schädeln, sie trugen auch
Das Zepter in knöchernen Händen.
Wie Hampelmänner bewegten sie
Die längstverstorbenen Knochen;
Die haben nach Moder und zugleich
Nach Weihrauchduft gerochen.
Der eine bewegte sogar den Mund
Und hielt eine Rede, sehr lange;
Er setzte mir auseinander, warum
Er meinen Respekt verlange.
Zuerst weil er ein Toter sei,
Und zweitens weil er ein König,
Und drittens weil er ein Heil'ger sei –
Das alles rührte mich wenig.
Ich gab ihm zur Antwort lachenden Muts:
»Vergebens ist deine Bemühung!
Ich sehe, daß du der Vergangenheit
Gehörst in jeder Beziehung.
Fort! fort von hier! im tiefen Grab
Ist eure natürliche Stelle.
Das Leben nimmt jetzt in Beschlag
Die Schätze dieser Kapelle.
Der Zukunft fröhliche Kavallerie
Soll hier im Dome hausen,
Und weicht ihr nicht willig, so brauch ich Gewalt
Und laß euch mit Kolben lausen!«
So sprach ich, und ich drehte mich um,
Da sah ich furchtbar blinken
Des stummen Begleiters furchtbares Beil –
Und er verstand mein Winken.
Er nahte sich, und mit dem Beil
Zerschmetterte er die armen
Skelette des Aberglaubens, er schlug
Sie nieder ohn' Erbarmen.
Es dröhnte der Hiebe Widerhall
Aus allen Gewölben, entsetzlich! –
Blutströme schossen aus meiner Brust,
Und ich erwachte plötzlich.
Zwei Segel erhellend
Die tiefblaue Bucht!
Zwei Segel sich schwellend
Zu ruhiger Flucht!
Wie eins in den Winden
Sich wölbt und bewegt,
Wird auch das Empfinden
Des andern erregt.
Begehrt eins zu hasten,
Das andre geht schnell,
Verlangt eins zu rasten,
Ruht auch sein Gesell.
Deine Seele, die die meine liebet,
Ist verwirkt mit ihr im Teppichtibet.
Strahl in Strahl, verliebte Farben,
Sterne, die sich himmellang umwarben.
Unsere Füße ruhen auf der Kostbarkeit,
Maschentausendabertausendweit.
Süßer Lamasohn auf Moschuspflanzenthron,
Wie lange küßt Dein Mund den meinen wohl
Und Wang die Wange buntgeknüpfte Zeiten schon?
In Maiensaaten liegen eng die Leichen,
Im grünen Rain, auf Blumen, ihren Betten.
Verlorne Waffen, Räder ohne Speichen,
Und umgestürzt die eisernen Lafetten.
Aus vielen Pfützen dampft des Blutes Rauch,
Die schwarz und rot den braunen Feldweg decken.
Und weißlich quillt der toten Pferde Bauch,
Die ihre Beine in die Frühe strecken.
Im kühlen Winde friert noch das Gewimmer
Von Sterbenden, da in des Osten Tore
Ein blasser Glanz erscheint, ein grüner Schimmer,
Das dünne Band der flüchtigen Aurore
Der Potsdamer Platz in ewigem Gebrüll
Vergletschert alle hallenden Lawinen
Der Straßentrakte: Trams auf Eisenschienen,
Automobile und den Menschenmüll.
Die Menschen rinnen über den Asphalt,
Ameisenemsig, wie Eidechsen flink.
Stirne und Hände, von Gedanken blink,
Schwimmen wie Sonnenlicht durch dunklen Wald.
Nachtregen hüllt den Platz in eine Höhle,
Wo Fledermäuse, weiß, mit Flügeln schlagen
Und lila Quallen liegen - bunte Öle;
Die mehren sich, zerschnitten von den Wagen. -
Aufspritzt Berlin, des Tages glitzernd Nest,
Vom Rauch der Nacht wie Eiter einer Pest.
Über den schwarzen Winkel hasten
Am Mittag die Raben mit hartem Schrei.
Ihr Schatten streift an der Hirschkuh vorbei
Und manchmal sieht man sie mürrisch rasten.
O wie sie die braune Stille stören,
In der ein Acker sich verzückt,
Wie ein Weib, das schwere Ahnung berückt,
Und manchmal kann man sie keifen hören
Um ein Aas, das sie irgendwo wittern,
Und plötzlich richten nach Nord sie den Flug
Und schwinden wie ein Leichenzug
In Lüften, die von Wollust zittern.
Ein starker Wind sprang empor.
Öffnet des eisernen Himmels blutende Tore.
Schlägt an die Türme.
Hellklingend laut geschmeidig über die eherne Ebene der Stadt.
Die Morgensonne rußig. Auf Dämmen donnern Züge.
Durch Wolken pflügen goldne Engelpflüge.
Starker Wind über der bleichen Stadt.
Dampfer und Kräne erwachen am schmutzig fließenden Strom.
Verdrossen klopfen die Glocken am verwitterten Dom.
Viele Weiber siehst du und Mädchen zur Arbeit gehn.
Im bleichen Licht. Wild von der Nacht. Ihre Röcke wehn.
Glieder zur Liebe geschaffen.
Hin zur Maschine und mürrischem Mühn.
Sieh in das zärtliche Licht.
In der Bäume zärtliches Grün.
Horch! Die Spatzen schrein.
Und draußen auf wilderen Feldern
singen Lerchen.
Wenn wir marschieren - Schritt um Schritt -
Wir lauschen: unser Herz schlägt mit.
Mein Herz und dein Herz, Kamerad.
Im gleichen Takt: Soldat! Soldat!
So Reih um Reihe - Schritt um Schritt -
Kolonnen stampfen gleichen Tritt.
Wir ahnen's groß, wir beten's schon:
Dies ist der Pulsschlag der Nation.
Wenn wir marschieren - Schritt um Schritt -
In unsrem Blute ziehen mit
Die Väter all, die Enkel schon:
Im ewigen Pulsschlag der Nation.
Soldat! Soldat! So Tritt um Tritt.
Hört Deutschland, wie es stritt und litt!
Hört Deutschland, wie es ewig zieht,
Das beste Blut, ins Heldenlied!
Denn lieben ist nichts mehr/ als eine schifferey/
Das schiff ist unser hertz/ den seilen kommen bey
Die sinn-verwirrungen. Das meer ist unser leben/
Die liebes-wellen sind die angst/ in der wir schweben/
Die segel/ wo hinein bläst der begierden wind/
Ist der gedancken tuch. Verlangen/ hoffnung sind
Die ancker. Der magnet ist schönheit. Unser strudel
Sind Bathseben. Der wein und überfluß die rudel.
Der stern/ nach welchem man die steiffen segel lenckt/
Ist ein benelckter mund. Der port/ wohin man denckt/
Ist eine schöne frau. Die ufer sind die brüste.
Die anfahrt ist ein kuß. Der zielzweck/ süsse lüste.
Wird aber hier umwölckt/ durch blinder brünste rauch
Die sonne der vernunfft/ so folgt der schiffbruch auch
Der seelen untergang/ und der verderb des leibes:
Denn beyde tödtet uns der lustbrauch eines weibes.
Herz, mein Herz, was soll das geben?
Was bedränget dich so sehr?
Welch ein fremdes, neues Leben!
Ich erkenne dich nicht mehr.
Weg ist alles, was du liebtest,
Weg, warum du dich betrübtest,
Weg dein Fleiß und deine Ruh –
Ach, wie kamst du nur dazu!
Fesselt dich die Jugendblüte,
Diese liebliche Gestalt,
Dieser Blick voll Treu und Güte
Mit unendlicher Gewalt?
Will ich rasch mich ihr entziehen,
Mich ermannen, ihr entfliehen,
Führet mich im Augenblick,
Ach, mein Weg zu ihr zurück.
Und an diesem Zauberfädchen,
Das sich nicht zerreißen lässt,
Hält das liebe lose Mädchen
Mich so wider Willen fest;
Muss in ihrem Zauberkreise
Leben nun auf ihre Weise.
Die Verändrung, ach, wie groß!
Liebe! Liebe! Lass mich los!
»Nehmt hin die Welt!« rief Zeus von seinen Höhen
Den Menschen zu. »Nehmt, sie soll euer sein!
Euch schenk ich sie zum Erb und ewgen Lehen -
Doch teilt euch brüderlich darein!«
Da eilt', was Hände hat, sich einzurichten,
Es regte sich geschäftig jung und alt.
Der Ackermann griff nach des Feldes Früchten,
Der Junker birschte durch den Wald.
Der Kaufmann nimmt, was seine Speicher fassen,
Der Abt wählt sich den edeln Firnewein,
Der König sperrt die Brücken und die Straßen
Und sprach: »Der Zehente ist mein.«
Ganz spät, nachdem die Teilung längst geschehen,
Naht der Poet, er kam aus weiter Fern -
Ach! da war überall nichts mehr zu sehen,
Und alles hatte seinen Herrn!
»Weh mir! So soll denn ich allein von allen
Vergessen sein, ich, dein getreuster Sohn?«
So ließ er laut der Klage Ruf erschallen
Und warf sich hin vor Jovis Thron.
»Wenn du im Land der Träume dich verweilet«,
Versetzt der Gott, »so hadre nicht mit mir.
Wo warst du denn, als man die Welt geteilet?«
»Ich war«, sprach der Poet, »bei dir.«
Mein Auge hing an deinem Angesichte,
An deines Himmels Harmonie mein Ohr -
Verzeih dem Geiste, der, von deinem Lichte
Berauscht, das Irdische verlor!«
»Was tun?« spricht Zeus, »die Welt ist weggegeben,
Der Herbst, die Jagd, der Markt ist nicht mehr mein.
Willst du in meinem Himmel mit mir leben -
So oft du kommst, er soll dir offen sein.«
Freude war in Trojas Hallen,
Eh die hohe Feste fiel;
Jubelhymnen hört man schallen
In der Saiten goldnes Spiel;
Alle Hände ruhen müde
Von dem thränenvollen Streit,
Weil der herrliche Pelide
Priams schöne Tochter freit.
Und geschmückt mit Lorberreisern,
Festlich wallet Schaar auf Schaar
Nach der Götter heil'gen Häusern,
Zu des Thymbriers Altar.
Dumpf erbrausend durch die Gassen
Wälzt sich die bacchant'sche Lust,
Und in ihrem Schmerz verlassen
War nur eine traur'ge Brust.
Freudlos in der Freude Fülle,
Ungesellig und allein,
Wandelte Kassandra stille
In Apollos Lorbeerhain.
In des Waldes tiefste Gründe
Flüchtete die Seherin,
Und sie warf die Priesterbinde
Zu der Erde zürnend hin:
Alles ist der Freude offen,
Alle Herzen sind beglückt,
Und die alten Eltern hoffen,
Und die Schwester steht geschmückt.
Ich allein muß einsam trauern,
Denn mich flieht der süße Wahn,
Und geflügelt diesen Mauern
Seh' ich das Verderben an.
Eine Fackel seh' ich glühen,
Aber nicht in Hymens Hand;
Nach den Wolken seh' ich ziehen,
Aber nicht wie Opferbrand.
Feste seh' ich froh bereiten,
Doch im ahnungsvollen Geist
Hör' ich schon des Gottes Schreiten,
Der sie jammervoll zerreißt.
Und sie schelten meine Klagen,
Und sie höhnen meinen Schmerz.
Einsam in die Wüste tragen
Muß ich mein gequältes Herz,
Von den Glücklichen gemieden
Und den Fröhlichen ein Spott!
Schweres hast du mir beschieden,
Pythischer, du arger Gott!
Dein Orakel zu verkünden,
Warum warfest du mich hin
In die Stadt der ewig Blinden
Mit dem aufgeschloßnen Sinn?
Warum gabst du mir zu sehen,
Was ich doch nicht wenden kann?
Das Verhängte muß geschehen,
Das Gefürchtete muß nahn.
Frommt's, den Schleier aufzuheben,
Wo das nahe Schreckniß droht?
Nur der Irrthum ist das Leben,
Und das Wissen ist der Tod.
Nimm, o nimm die traur'ge Klarheit,
Mir vom Aug den blut'gen Schein!
Schrecklich ist es, deiner Wahrheit
Sterbliches Gefäß zu sein.
Meine Blindheit gib mir wieder
Und den fröhlich dunklen Sinn!
Nimmer sang ich freud'ge Lieder,
Seit ich deine Stimme bin.
Zukunft hast du mir gegeben,
Doch du nahmst den Augenblick,
Nahmst der Stunde fröhlich Leben -
Nimm dein falsch Geschenk zurück!
Nimmer mit dem Schmuck der Bräute,
Kränzt' ich mir das duft'ge Haar,
Seit ich deinem Dienst mich weihte
An dem traurigen Altar.
Meine Jugend war nur Weinen,
Und ich kannte nur den Schmerz,
Jede herbe Noth der Meinen
Schlug an mein empfindend Herz.
Fröhlich seh' ich die Gespielen,
Alles um mich lebt und liebt
In der Jugend Lustgefühlen,
Mir nur ist das Herz getrübt.
Mir erscheint der Lenz vergebens,
Der die Erde festlich schmückt;
Wer erfreute sich des Lebens,
Der in seine Tiefen blickt!
Selig preis' ich Polyxenen
In des Herzens trunknem Wahn,
Denn den Besten der Hellenen
Hofft sie bräutlich zu umfahn.
Stolz ist ihre Brust gehoben,
Ihre Wonne faßt sie kaum,
Nicht euch, Himmlische dort oben,
Neidet sie in ihrem Traum.
Und auch ich hab' ihn gesehen,
Den das Herz verlangend wählt!
Seine schönen Blicke flehen,
Von der Liebe Gluth beseelt.
Gerne möcht' ich mit dem Gatten
In die heim'sche Wohnung ziehn;
Doch es tritt ein styg'scher Schatten
Nächtlich zwischen mich und ihn.
Ihre bleichen Larven alle
Sendet mir Proserpina;
Wo ich wandre, wo ich walle,
Stehen mir die Geister da.
In der Jugend frohe Spiele
Drängen sie sich grausend ein,
Ein entsetzliches Gewühle!
Nimmer kann ich fröhlich sein.
Und den Mordstahl seh' ich blinken
Und das Mörderauge glühn;
Nicht zur Rechten, nicht zur Linken
Kann ich vor dem Schreckniß fliehn;
Nicht die Blicke darf ich wenden,
Wissend, schauend, unverwandt
Muß ich mein Geschick vollenden
Fallend in dem fremden Land -
Und noch hallen ihre Worte -
Horch! da dringt verworrner Ton
Fernher aus des Tempels Pforte,
Todt lag Thetis' großer Sohn!
Eris schüttelt ihre Schlangen,
Alle Götter fliehn davon,
Und des Donners Wolken hangen
Schwer herab auf Ilion.
Stand ein Mädchen an dem Fenster,
Da es draußen Morgen war,
Kämmte sich die langen Haare,
Wusch sich ihre Äuglein klar.
Sangen Vöglein aller Arten,
Sonnenschein spielt' vor dem Haus,
Draußen überm schönen Garten
Flogen Wolken weit hinaus.
Und sie dehnt' sich in den Morgen,
Als ob sie noch schläfrig sei,
Ach, sie war so voller Sorgen,
Flocht ihr Haar und sang dabei:
„Wie ein Vöglein hell und reine,
Ziehet draußen muntre Lieb,
Lockt hinaus zum Sonnenscheine,
Ach, wer da zu Hause blieb‘!“
Ich wandre durch die stille Nacht,
Da schleicht der Mond so heimlich sacht
Oft aus der dunklen Wolkenhülle,
Und hin und her im Tal
Erwacht die Nachtigall,
Dann wieder alles grau und stille.
O wunderbarer Nachtgesang:
Von fern im Land der Ströme Gang,
Leis Schauern in den dunklen Bäumen -
Wirrst die Gedanken mir,
Mein irres Singen hier
Ist wie ein Rufen nur aus Träumen.
Es war, als hätt' der Himmel
Die Erde still geküßt,
Daß sie im Blütenschimmer
Von ihm nun träumen müßt'.
Die Luft ging durch die Felder,
Die Ähren wogten sacht,
Es rauschten leis die Wälder,
So sternklar war die Nacht.
Und meine Seele spannte
Weit ihre Flügel aus,
Flog durch die stillen Lande,
Als flöge sie nach Haus.
Was sind wir Menschen doch! Ein Wohnhaus grimmer Schmerzen.
Ein Ball des falschen Glücks, ein Irrlicht dieser Zeit,
Ein Schauplatz herber Angst, besetzt mit scharfem Leid.
Ein bald verschmelzter Schnee und abgebrannte Kerzen.
Dies Leben fleucht davon wie ein Geschwätz und Scherzen.
Die vor uns abgelegt des schwachen Leibes Kleid
Und in das Totenbuch der großen Sterblichkeit
Längst eingeschrieben sind, sind uns aus Sinn und Herzen.
Gleich wie ein eitel Traum leicht aus der Acht hinfällt
Und wie ein Strom verscheußt, den keine Macht aufhält,
So muß auch unser Nam, Lob, Ehr und Ruhm verschwinden.
Was itzund Atem holt, muß mit der Luft entfliehn;
Was nach uns kommen wird, wird uns ins Grab nachziehn.
Was sag ich? wir vergehn, wie Rauch von starken Winden.
Im düstern Auge keine Träne
Sie sitzen am Webstuhl und fletschen die Zähne:
Deutschland, wir weben dein Leichentuch,
Wir weben hinein den dreifachen Fluch -
Wir weben, wir weben!
Ein Fluch dem Gotte, zu dem wir gebeten
In Winterskälte und Hungersnöten;
Wir haben vergebens gehofft und geharrt,
Er hat uns geäfft und gefoppt und genarrt -
Wir weben, wir weben!
Ein Fluch dem König, dem König der Reichen,
Den unser Elend nicht konnte erweichen
Der den letzten Groschen von uns erpreßt
Und uns wie Hunde erschiessen läßt -
Wir weben, wir weben!
Ein Fluch dem falschen Vaterlande,
Wir nur gedeihen Schmach und Schande,
Wo jede Blume früh geknickt,
Wo Fäulnis und Moder den Wurm erquickt -
Wir weben, wir weben!
Das Schiffchen fliegt, der Webstuhl kracht,
Wir weben emsig Tag und Nacht -
Altdeutschland, wir weben dein Leichentuch,
Wir weben hinein den dreifachen Fluch,
Wir weben, wir weben!
Es treibt vorüber mir im Meer der Stadt
Bald der, bald jener, einer nach dem andern.
Ein Blick ins Auge, und vorüber schon.
Der Orgeldreher dreht sein Lied.
Es tropft vorüber mir ins Meer des Nichts
Bald der, bald jener, einer nach dem andern.
Ein Blick auf seinen Sarg, vorüber schon.
Der Orgeldreher dreht sein Lied.
Es schwimmt ein Leichenzug im Meer der Stadt,
Querweg die Menschen, einer nach dem andern.
Ein Blick auf meinen Sarg, vorüber schon.
Der Orgeldreher dreht sein Lied.
Wie soll ich meine Seele halten, daß
sie nicht an deine rührt? Wie soll ich sie
hinheben über dich zu andern Dingen?
Ach gerne möcht ich sie bei irgendwas
Verlorenem im Dunkel unterbringen
an einer fremden stillen Stelle, die
nicht weiterschwingt, wenn deine Tiefen schwingen.
Doch alles, was uns anrührt, dich und mich,
nimmt uns zusammen wie ein Bogenstrich,
der aus zwei Saiten eine Stimme zieht.
Auf welches Instrument sind wir gespannt?
Und welcher Spieler hat uns in der Hand?
O süßes Lied.
Mein Tagwerk ist: im engen Kesselrohr
bei kleinem Glühlicht kniend krumm zu sitzen –
an Nieten hämmernd in der Hitze schwitzen.
Verrußt sind Aug` und Haar und Ohr –
Als wär ich nur ein kleiner Schlagmotor,
So lass` ich meine Arme federnd flitzen –
Die glühnde Luft sticht wie mit giftigen Spitzen;
Immer von neuem bricht der Schweiß hervor...
O Mensch! Wo bist du? Wie ein Käfertier
Im Bernstein eingeschlossen hockst du rings im Eisen,
Eisen umpanzert dich in schließendem Gewirr.
Im Auge rast die Seele, arm und irr.
Heimweh heult wahnsinnswild, Heimweh weint süße Weisen
Nach Erde, Mensch und Licht. So schrei doch, Mensch im Eisen!
Beteerte Fässer rollten von den Schwellen
Der dunklen Speicher auf die hohen Kähne.
Die Schlepper zogen an. Des Rauches Mähne
Hing rußig nieder auf die öligen Wellen.
Zwei Dampfer kamen mit Musikkapellen.
Den Schornstein kappten sie am Brückenbogen.
Rauch, Ruß, Gestank lag auf den schmutzigen Wogen
Der Gerbereien mit den braunen Fellen.
In allen Brücken, drunter uns die Zille
Hindurchgebracht, ertönten die Signale
Gleichwie in Trommeln wachsend in der Stille.
Wir ließen los und trieben im Kanale
An Gärten langsam hin. In dem Idylle
Sahn wir der Riesenschlote Nachtfanale.
Der Himmel fließt in steinernen Kanälen;
Denn zu Kanälen steilrecht ausgehauen
Sind alle Straßen, voll vom Himmelblauen;
Und Kuppeln gleichen Bojen, Schlote Pfählen
Im Wasser. Schwarze Essendämpfe schwelen
Und sind wie Wasserpflanzen anzuschauen.
Die Leben, die sich ganz am Grunde stauen,
Beginnen sacht vom Himmel zu erzählen,
Gemengt, entwirrt nach blauen Melodien.
Wie eines Wassers Bodensatz und Tand
regt sie des Wassers Wille und Verstand
Im Dünen, Kommen, Gehen, Gleiten, Ziehen.
Die Menschen sind wie grober bunter Sand
Im linden Spiel der großen Wellenhand.
Im Hof, verhext von milchigem Dämmerschein,
Durch Herbstgebräuntes weiche Kranke gleiten.
Ihr wächsern-runder Blick sinnt goldner Zeiten,
Erfüllt von Träumerei und Ruh und Wein.
Ihr Siechtum schließt geisterhaft sich ein.
Die Sterne weiße Traurigkeit verbreiten.
Im Grau, erfüllt von Täuschung und Geläuten,
Sieh, wie die Schrecklichen sich wirr zerstreun.
Formlose Spottgestalten huschen, kauern
Und flattern sie auf schwarz-gekreuzten Pfaden.
O! trauervolle Schatten an den Mauern.
Die andern fliehn durch dunkelnde Arkaden;
Und nächtens stürzen sie aus roten Schauern
Des Sternenwinds, gleich rasenden Mänaden.
Die Finsternis raschelt wie ein Gewand,
Die Bäume torkeln am Himmelsrand.
Rette dich in das Herz der Nacht,
Grabe dich schnell in das Dunkele ein,
Wie in Waben. Mache dich klein,
Steige aus deinem Bette.
Etwas will über die Brücken,
Er scharret mit Hufen krumm,
Die Sterne erschraken so weiß.
Und der Mond wie ein Greis
Watschelt oben herum
Mit dem höckrigen Rücken.
Ein weißer Vogel ist der große Himmel.
Hart unter ihn geduckt stiert eine Stadt.
Die Häuser sind halbtote alte Leute.
Griesgrämig glotzt ein dünner Droschkenschimmel.
Und Winde, magre Hunde, rennen matt.
An scharfen Ecken quietschen ihre Häute.
In einer Straße stöhnt ein Irrer: Du, ach, du –
Wenn ich dich endlich, o Geliebte, fände ...
Ein Haufen um ihn staunt und grinst voll Spott.
Drei kleine Menschen spielen Blindekuh –
Auf alles legt die grauen Puderhände
Der Nachmittag, ein sanft verweinter Gott.
Im schwarzen Spiegel der Kanäle zuckt
die bunte Lichterkette der Fabriken.
Die niedren Straßen sind bis zum Ersticken
mit Rauch geschwängert, den ein Windstoß niederduckt.
Ein Menschentrupp, vom Frohndienst abgehärmt,
schwankt schweigsam in die ärmlichen Kabinen;
indes sich in den qualmigen Kantinen
die tolle Jugend fuselselig lärmt.
Nocheinmal wirft der Drahtseilzug mit Kreischen
Den Schlackenschutt hinunter in die flachen
Gelände, drin der Schwefelsumpf erlischt.
Fern aber gähnen schon, vom Dampf umzischt,
des Walzwerks zwiegespaltne Feuerrachen –
und harrn des Winks den Himmel zu zerfleischen.
Aus allen Winkeln gellen Fürchte Wollen
Kreisch
Peitscht
Das Leben
Vor
Sich
Her
Den keuchen Tod
Die Himmel fetzen.
Blinde schlächtert wildum das Entsetzen.
Dicht wie die Löcher eines Siebes stehn
Fenster beieinander, drängend fassen
Häuser sich so dicht an, daß die Straßen
Grau geschwollen wie Gewürgte stehn.
Ineinander dicht hineingehakt
Sitzen in den Trams die zwei Fassaden
Leute, ihre nahen Blicke baden
Ineinander, ohne Scheu befragt.
Unsre Wände sind so dünn wie Haut,
Daß ein jeder teilnimmt, wenn ich weine.
Unser Flüstern, Denken ... wird Gegröle ...
- Und wie still in dick verschlossner Höhle
Ganz unangerührt und ungeschaut
Steht ein jeder fern und fühlt: alleine
Im Frühlingsschatten fand ich Sie;
Da band ich Sie mit Rosenbändern:
Sie fühlt' es nicht, und schlummerte.
Ich sah Sie an; mein Leben hing
Mit diesem Blick' an Ihrem Leben:
Ich fühlt' es wohl, und wußt' es nicht.
Doch lispelt' ich Ihr sprachlos zu,
Und rauschte mit den Rosenbändern:
Da wachte Sie vom Schlummer auf.
Sie sah mich an; Ihr Leben hing
Mit diesem Blick' an meinem Leben,
Und um uns ward's Elysium.
Wie herrlich leuchtet
Mir die Natur!
Wie glänzt die Sonne!
Wie lacht die Flur!
Es dringen Blüten
Aus jedem Zweig
Und tausend Stimmen
Aus dem Gesträuch
Und Freud und Wonne
Aus jeder Brust.
O Erd', o Sonne,
O Glück, o Lust,
O Lieb', o Liebe,
So golden schön
Wie Morgenwolken
Auf jenen Höhn,
Du segnest herrlich
Das frische Feld -
Im Blütendampfe
Die volle Welt!
O Mädchen, Mädchen,
Wie lieb' ich dich!
Wie blinkt dein Auge,
Wie liebst du mich!
So liebt die Lerche
Gesang und Luft,
Und Morgenblumen
Den Himmelsduft,
Wie ich dich liebe
Mit warmem Blut,
Die du mir Jugend
Und Freud und Mut
Zu neuen Liedern
Und Tänzen gibst.
Sei ewig glücklich,
Wie du mich liebst.
Dem Schnee, dem Regen,
dem Wind entgegen,
im Dampf der Klüfte,
durch Nebeldüfte,
immer zu! Immer zu!
Ohne Rast und Ruh!
Lieber durch Leiden
möcht' ich mich schlagen,
also so viel Freuden
des Lebens ertragen.
Alle das Neigen
von Herzen zu Herzen,
ach, wie so eigen
schaffet das Schmerzen!
Wie - soll ich fliehen?
Wälderwärts ziehen?
Alles vergebens!
Krone des Lebens,
Glück ohne Ruh,
Liebe, bist du!
Der du von dem Himmel bist,
Alle Freud (Alles Leid) und Schmerzen stillest,
Den, der doppelt elend ist,
Doppelt mit Erquickung füllest;
Ach,ich bin des Treibens müde!
Was soll all die Qual (der Schmerz) und Lust?
Süßer Friede,
Komm,ach komm in meine Brust!
Ich denke dein, wenn mir der Sonne Schimmer
vom Meere strahlt;
Ich denke dein, wenn sich des Mondes Flimmer
In Quellen malt.
Ich sehe dich, wenn auf dem fernen Wege
Der Staub sich hebt;
In tiefer Nacht, wenn auf dem schmalen Stege
Der Wandrer bebt.
Ich höre dich, wenn dort mit dumpfem Rauschen
Die Welle steigt.
Im stillen Haine geh' ich oft zu lauschen,
Wenn alles schweigt.
Ich bin bei dir; du seist auch noch so ferne,
Du bist mir nah!
Die Sonne sinkt, bald leuchten mir die Sterne.
O, wärst du da!
Vor seinem Löwengarten,
Das Kampfspiel zu erwarten,
Saß König Franz,
Und um ihn die Großen der Krone,
Und rings auf hohem Balkone
Die Damen in schönem Kranz.
Und wie er winkt mit dem Finger,
Auf tut sich der weite Zwinger,
Und hinein mit bedächtigem Schritt
Ein Löwe tritt,
Und sieht sich stumm
Rings um,
Mit langem Gähnen,
Und schüttelt die Mähnen,
Und streckt die Glieder,
Und legt sich nieder.
Und der König winkt wieder,
Da öffnet sich behend
Ein zweites Tor,
Daraus rennt
Mit wildem Sprunge
Ein Tiger hervor,
Wie der den Löwen erschaut,
Brüllt er laut,
Schlägt mit dem Schweif
Einen furchtbaren Reif,
Und recket die Zunge,
Und im Kreise scheu
Umgeht er den Leu
Grimmig schnurrend;
Drauf streckt er sich murrend
Zur Seite nieder.
Und der König winkt wieder,
Da speit das doppelt geöffnete Haus
Zwei Leoparden auf einmal aus,
Die stürzen mit mutiger Kampfbegier
Auf das Tigertier,
Das packt sie mit seinen grimmigen Tatzen,
Und der Leu mit Gebrüll
Richtet sich auf, da wird's still,
Und herum im Kreis,
Von Mordsucht heiß,
Lagern die greulichen Katzen.
Da fällt von des Altans Rand
Ein Handschuh von schöner Hand
Zwischen den Tiger und den Leun
Mitten hinein.
Und zu Ritter Delorges spottenderweis
Wendet sich Fräulein Kunigund:
»Herr Ritter, ist Eure Lieb so heiß,
Wie Ihr mir's schwört zu jeder Stund,
Ei, so hebt mir den Handschuh auf.«
Und der Ritter in schnellem Lauf
Steigt hinab in den furchtbarn Zwinger
Mit festem Schritte,
Und aus der Ungeheuer Mitte
Nimmt er den Handschuh mit keckem Finger.
Und mit Erstaunen und mit Grauen
Sehen's die Ritter und Edelfrauen,
Und gelassen bringt er den Handschuh zurück.
Da schallt ihm sein Lob aus jedem Munde,
Aber mit zärtlichem Liebesblick –
Er verheißt ihm sein nahes Glück –
Empfängt ihn Fräulein Kunigunde.
Und er wirft ihr den Handschuh ins Gesicht:
»Den Dank, Dame, begehr ich nicht«,
Und verläßt sie zur selben Stunde.
Wenn die Sonne weggegangen,
kommt die Dunkelheit heran,
Abendrot hat goldne Wangen,
und die Nacht hat Trauer an.
Seit die Liebe weggegangen,
bin ich nun ein Mohrenkind,
und die roten frohen Wangen
dunkel und verloren sind.
Dunkelheit muß tief verschweigen
alles Wehe, alle Lust;
aber Mond und Sterne zeigen,
was mir wohnet in der Brust.
Wenn die Lippen dir verschweigen
meines Herzens stille Glut,
müssen Blick und Tränen zeigen,
wie die Liebe nimmer ruht.
Es hat ein Kuß mir Leben eingehaucht,
Gestillet meines Busens tiefstes Schmachten,
Komm, Dunkelheit! mich traulich zu umnachten,
Daß neue Wonne meine Lippe saugt.
In Träume war solch Leben eingetaucht,
Drum leb' ich, ewig Träume zu betrachten,
Kann aller andern Freuden Glanz verachten
Weil nur die Nacht so süßen Balsam haucht.
Der Tag ist karg an liebesüßen Wonnen,
Es schmerzt mich seines Lichtes eitles Prangen
Und mich verzehren seiner Sonne Gluthen.
Drum birg dich Aug' dem Glanze irrd'scher Sonnen!
Hüll' dich in Nacht, sie stillet dein Verlangen
Und heilt den Schmerz, wie Lethes kühle Fluthen.
Vergangen ist der lichte Tag,
Von ferne kommt der Glocken Schlag;
So reist die Zeit die ganze Nacht,
Nimmt manchen mit, der's nicht gedacht.
Wo ist nun hin die bunte Lust,
Des Freundes Trost und treue Brust,
Des Weibes süßer Augenschein?
Will keiner mit mir munter sein?
Da's nun so stille auf der Welt,
Ziehn Wolken einsam übers Feld,
Und Feld und Baum besprechen sich –
O Menschenkind! was schauert dich?
Wie weit die falsche Welt auch sei,
Bleibt mir doch Einer nur getreu,
Der mit mir weint, der mit mir wacht,
Wenn ich nur recht an ihn gedacht.
Frisch auf denn, liebe Nachtigall,
Du Wasserfall mit hellem Schall!
Gott loben wollen wir vereint,
Bis daß der lichte Morgen scheint!
Es ist schon spät, es wird schon kalt,
Was reit’st du einsam durch den Wald?
Der Wald ist lang, du bist allein,
Du schöne Braut! Ich führ’ dich heim!
„Groß ist der Männer Trug und List,
Vor Schmerz mein Herz gebrochen ist,
Wohl irrt das Waldhorn her und hin,
O flieh! Du weißt nicht, wer ich bin.“
So reich geschmückt ist Roß und Weib,
So wunderschön der junge Leib,
Jetzt kenn’ ich dich – Gott steh’ mir bei!
Du bist die Hexe Lorelei.
„Du kennst mich wohl – von hohem Stein
Schaut still mein Schloß tief in den Rhein.
Es ist schon spät, es wird schon kalt,
Kommst nimmermehr aus diesem Wald!“
Mein Herz, mein Herz ist traurig,
Doch lustig leuchtet der Mai;
Ich stehe, gelehnt an der Linde,
Hoch auf der alten Bastei.
Da drunten fließt der blaue
Stadtgraben in stiller Ruh;
Ein Knabe fährt im Kahne,
Und angelt und pfeift dazu.
Jenseits erheben sich freundlich,
In winziger, bunter Gestalt,
Lusthäuser, und Gärten, und Menschen,
Und Ochsen, und Wiesen, und Wald.
Die Mägde bleichen Wäsche,
Und springen im Gras herum;
Das Mühlrad stäubt Diamanten,
Ich höre sein fernes Gesumm.
Am alten grauen Turme
Ein Schilderhäuschen steht;
Ein rotgeröckter Bursche
Dort auf und nieder geht.
Er spielt mit seiner Flinte,
Die funkelt im Sonnenrot,
Er präsentiert und schultert -
Ich wollt, er schösse mich tot.
Gelassen stieg die Nacht ans Land,
Lehnt träumend an der Berge Wand,
Ihr Auge sieht die goldne Waage nun
Der Zeit in gleichen Schalen stille ruhn;
Und kecker rauschen die Quellen hervor,
Sie singen der Mutter, der Nacht, ins Ohr
Vom Tage,
Vom heute gewesenen Tage.
Das uralt alte Schlummerlied,
Sie achtet's nicht, sie ist es müd;
Ihr klingt des Himmels Bläue süßer noch,
Der flüchtgen Stunden gleichgeschwungnes Joch.
Doch immer behalten die Quellen das Wort,
Es singen die Wasser im Schlafe noch fort
Vom Tage,
Vom heute gewesenen Tage.
Herz, mein Herz, warum so fröhlich,
So voll Unruh und zerstreut,
Als käm über Berge selig
Schon die schöne Frühlingszeit?
Weil ein liebes Mädchen wieder
Herzlich an dein Herz sich drückt,
Schaust du fröhlich auf und nieder,
Erd und Himmel dich erquickt.
Und ich hab die Fenster offen,
Neu zieh in die Welt hinein
Altes Bangen, altes Hoffen!
Frühling, Frühling soll es sein!
Still kann ich hier nicht mehr bleiben,
Durch die Brust ein Singen irrt,
Doch zu licht ist's mir zum Schreiben,
Und ich bin so froh verwirrt.
Also schlendr' ich durch die Gassen,
Menschen gehen her und hin,
Weiß nicht, was ich tu und lasse,
Nur, daß ich so glücklich bin.
In seinem Garten wandelt er allein;
In alle Bäume gräbt er immer wieder
Gedankenschwer den einz'gen Namen ein,
Und in dem Namen klagen seine Lieder.
Sanft blaut der Himmel, milde Rosen webt
Die Sommerzeit durch mächt'ge Blättermassen.
Er schaut sie nicht; die Zeit, in der er lebt,
Ist alt, verblüht, von allen längst verlassen.
Wir schlafen ganz, wie Brutus schlief -
Doch jener erwachte und bohrte tief
In Cäsars Brust das kalte Messer!
Die Römer waren Tyrannenfresser.
Wir sind keine Römer, wir rauchen Tabak.
Ein jedes Volk hat seinen Geschmack,
Ein jedes Volk hat seine Größe;
In Schwaben kocht man die besten Klöße.
Wir sind Germanen, gemütlich und brav,
Wir schlafen gesunden Pflanzenschlaf,
Und wenn wir erwachen, pflegt uns zu dürsten,
Doch nicht nach dem Blute unserer Fürsten.
Wir sind so treu wie Eichenholz,
Auch Lindenholz, drauf sind wir stolz;
Im Land der Eichen und der Linden
Wird niemals sich ein Brutus finden.
Und wenn auch ein Brutus unter uns wär,
Den Cäsar fänd er nimmermehr,
Vergeblich würd er den Cäsar suchen;
Wir haben gute Pfefferkuchen.
Wir haben sechsunddreißig Herrn
(Ist nicht zuviel!), und einen Stern
Trägt jeder schützend auf seinem Herzen,
Und er braucht nicht zu fürchten die Iden des Märzen.
Wir nennen sie Väter, und Vaterland
Benennen wir dasjenige Land,
das erbeigentümlich gehört den Fürsten;
Wir lieben auch Sauerkraut mit Würsten.
Wenn unser Vater spazieren geht,
Ziehn wir den Hut mit Pietät;
Deutschland, die fromme Kinderstube,
Ist keine römische Mördergrube.
Am grauen Strand, am grauen Meer
Und seitab liegt die Stadt;
Der Nebel drückt die Dächer schwer,
Und durch die Stille braust das Meer
Eintönig um die Stadt.
Es rauscht kein Wald, es schlägt im Mai
Kein Vogel ohn Unterlaß;
Die Wandergans mit hartem Schrei
Nur fliegt in Herbstesnacht vorbei,
Am Strande weht das Gras.
Doch hängt mein ganzes Herz an dir,
Du graue Stadt am Meer;
Der Jugend Zauber für und für
Ruht lächelnd doch auf dir, auf dir,
Du graue Stadt am Meer.
Mir ist, ich weiß nicht wie, ich seufze für und für.
Ich weine Tag und Nacht; ich sitz' in tausend Schmerzen;
Und tausend fürcht' ich noch; die Kraft in meinem Herzen
Verschwindt, der Geist verschmacht', die Hände sinken mir.
Die Wangen werden bleich, der muntern Augen Zier
Vergeht gleich als der Schein der schon verbrannten Kerzen.
Die Seele wird bestürmt, gleich wie die See im Märtzen.
Was ist dies Leben doch, was sind wir, ich und ihr?
Was bilden wir uns ein, was wünschen wir zu haben?
Itzt sind wir hoch und groß, und morgen schon vergraben;
Itzt Blumen, morgen Kot. Wir sind ein Wind, ein Schaum,
Ein Nebel und ein Bach, ein Reif, ein Tau, ein Schatten;
Itzt was und morgen nichts. Und was sind unsre Taten
Als ein mit herber Angst durchmischter Traum.
John Maynard!
"Wer ist John Maynard?"
"John Maynard war unser Steuermann,
aushielt er, bis er das Ufer gewann,
er hat uns gerettet, er trägt die Kron',
er starb für uns, unsre Liebe sein Lohn.
John Maynard."
Die "Schwalbe" fliegt über den Erie-See,
Gischt schäumt um den Bug wie Flocken von Schnee;
von Detroit fliegt sie nach Buffalo -
die Herzen aber sind frei und froh,
und die Passagiere mit Kindern und Fraun
im Dämmerlicht schon das Ufer schaun,
und plaudernd an John Maynard heran
tritt alles: "Wie weit noch, Steuermann?"
Der schaut nach vorn und schaut in die Rund:
"Noch dreißig Minuten ... Halbe Stund."
Alle Herzen sind froh, alle Herzen sind frei -
da klingt's aus dem Schiffsraum her wie Schrei,
"Feuer!" war es, was da klang,
ein Qualm aus Kajüt und Luke drang,
ein Qualm, dann Flammen lichterloh,
und noch zwanzig Minuten bis Buffalo.
Und die Passagiere, bunt gemengt,
am Bugspriet stehn sie zusammengedrängt,
am Bugspriet vorn ist noch Luft und Licht,
am Steuer aber lagert sich´s dicht,
und ein Jammern wird laut: "Wo sind wir? wo?"
Und noch fünfzehn Minuten bis Buffalo. -
Der Zugwind wächst, doch die Qualmwolke steht,
der Kapitän nach dem Steuer späht,
er sieht nicht mehr seinen Steuermann,
aber durchs Sprachrohr fragt er an:
"Noch da, John Maynard?"
"Ja,Herr. Ich bin."
"Auf den Strand! In die Brandung!"
"Ich halte drauf hin."
Und das Schiffsvolk jubelt: "Halt aus! Hallo!"
Und noch zehn Minuten bis Buffalo. - -
"Noch da, John Maynard?" Und Antwort schallt's
mit ersterbender Stimme: "Ja, Herr, ich halt's!"
Und in die Brandung, was Klippe, was Stein,
jagt er die "Schwalbe" mitten hinein.
Soll Rettung kommen, so kommt sie nur so.
Rettung: der Strand von Buffalo!
Das Schiff geborsten. Das Feuer verschwelt.
Gerettet alle. Nur einer fehlt!
Alle Glocken gehn; ihre Töne schwell'n
himmelan aus Kirchen und Kapell'n,
ein Klingen und Läuten, sonst schweigt die Stadt,
ein Dienst nur, den sie heute hat:
Zehntausend folgen oder mehr,
und kein Aug' im Zuge, das tränenleer.
Sie lassen den Sarg in Blumen hinab,
mit Blumen schließen sie das Grab,
und mit goldner Schrift in den Marmorstein
schreibt die Stadt ihren Dankspruch ein:
"Hier ruht John Maynard! In Qualm und Brand
hielt er das Steuer fest in der Hand,
er hat uns gerettet, er trägt die Kron,
er starb für uns, unsre Liebe sein Lohn.
John Maynard."
Die Krähen schrein
Und ziehen schwirren Flugs zur Stadt:
Bald wird es schnein, -
Wohl dem, der jetzt noch - Heimat hat!
Nun stehst du starr,
Schaust rückwärts, ach! wie lange schon!
Was bist du Narr
Vor Winters in die Welt entflohn?
Die Welt - ein Tor
Zu tausend Wüsten stumm und kalt!
Wer das verlor,
Was du verlorst, macht nirgends Halt.
Nun stehst du bleich,
Zur Winter-Wanderschaft verflucht,
Dem Rauche gleich,
Der stets nach kältern Himmeln sucht.
Flieg, Vogel, schnarr
Dein Lied im Wüstenvogel-Ton! -
Versteck, du Narr,
Dein blutend Herz in Eis und Hohn!
Die Krähen schrein
Und ziehen schwirren Flugs zur Stadt:
Bald wird es schnein, -
Weh dem, der keine Heimat hat!
Sei dennoch unverzagt! Gib dennoch unverloren!
Weich keinem Glücke nicht, steh höher als der Neid,
vergnüge dich an dir und acht es für kein Leid,
hat sich gleich wider dich Glück, Ort und Zeit verschworen.
Was dich betrübt und labt, halt alles für erkoren;
nimm dein Verhängnis an. Laß alles unbereut.
Tu, was getan muß sein, und eh man dir’s gebeut.
Was du noch hoffen kannst, das wird noch stets geboren.
Was klagt, was lobt man noch? Sein Unglück und sein Glücke
ist ihm ein jeder selbst. Schau alle Sachen an:
dies alles ist in dir. Laß deinen eitlen Wahn,
und eh du fürder gehst, so geh in dich zurücke.
Wer sein selbst Meister ist und sich beherrschen kann,
dem ist die weite Welt und alles untertan.
Dô Friderich ûz Osterrîch alsô gewarp,
daz er an der sêle genas und im der lîp erstarp,
dô fuort er mînen krenechen trit in die erde,
Dô gienc ich slîchent als ein pfawe, swar ich gie,
daz houbet hanht ich nider unz ûf mîniu knie,
nû riht ich ez ûf nâch vollem werde:
ich bin wol ze fiure komen,
mich hât daz rîche und ouch diu krône an sich genomen,
wol ûf, swer tanzen welle nâch der gîgen!
mir ist mîner swære buoz,
êrste wil ich eben setzen mînen fuoz
und wider in ein hôhgemüete stîgen.
Siehst du die Stadt, wie sie da drüben ruht,
Sich flüsternd schmieget in das Kleid der Nacht?
Es gießt der Mond der Silberseide Flut
Auf sie herab in zauberischer Pracht.
Der laue Nachtwind weht ihr Atmen her,
So geisterhaft, verlöschend leisen Klang:
Sie weint im Traum, sie atmet tief und schwer,
Sie lispelt, rätselvoll, verlockend bang ...
Die dunkle Stadt, sie schläft im Herzen mein
Mit Glanz und Glut, mit qualvoll bunter Pracht:
Doch schmeichelnd schwebt um dich ihr Widerschein,
Gedämpft zum Flüstern, gleitend durch die Nacht.
Der wandernde Wind auf den Wegen
War angefüllt mit süßem Laut,
Der dämmernde rieselnde Regen
War mit Verlangen feucht betaut.
Das rinnende rauschende Wasser
Berauschte verwirrend die Stimmen
Der Träume, die blasser und blasser
Im schwebenden Nebel verschwimmen.
Der Wind in den wehenden Weiden,
Am Wasser der wandernde Wind
Berauschte die sehnenden Leiden,
Die in der Dämmerung sind.
Der Weg im dämmernden Wehen,
Er führte zu keinem Ziel,
Doch war er gut zu gehen
Im Regen, der rieselnd fiel.
Der Mensch, das Spiel der Zeit, spielt, weil er allhie lebt
im Schauplatz dieser Welt; er sitzt, und doch nicht feste.
Der steigt, und jener fällt, der suchet die Paläste
und der ein schlechtes Dach; der herrscht, und jener webt.
Was gestern war, ist hin; was itzt das Glück erhebt,
wird morgen untergehn; die vorhin grüne Äste
sind nunmehr dürr und tot; wir Armen sind nur Gäste,
ob den' ein scharfes Schwert an zarter Seide schwebt.
Wir sind zwar gleich am Fleisch, doch nicht vom gleichem Stande:
Der trägt ein Purpurkleid, und jener gräbt im Sande,
bis nach entraubtem Schmuck der Tod uns gleiche macht.
Spielt denn dies ernste Spiel, weil es die Zeit noch leidet,
und lernt, dass wenn man vom Bankett des Lebens scheidet,
Kron, Weisheit, Stärk und Gut sei eine leere Pracht!
Wir wissen nichts von diesem Hingehn, das
nicht mit uns teilt. Wir haben keinen Grund,
Bewunderung und Liebe oder Haß
dem Tod zu zeigen, den ein Maskenmund
tragischer Klage wunderlich entstellt.
Noch ist die Welt voll Rollen, die wir spielen.
Solang wir sorgen, ob wir auch gefielen,
spielt auch der Tod, obwohl er nicht gefällt.
Doch als du gingst, da brach in diese Bühne
ein Streifen Wirklichkeit durch jenen Spalt
durch den du hingingst: Grün wirklicher Grüne,
wirklicher Sonnenschein, wirklicher Wald.
Wir spielen weiter. Bang und schwer Erlerntes
hersagend und Gebärden dann und wann
aufhebend; aber dein von uns entferntes,
aus unserm Stück entrücktes Dasein kann
uns manchmal überkommen, wie ein Wissen
von jener Wirklichkeit sich niedersenkend,
so daß wir eine Weile hingerissen
das Leben spielen, nicht an Beifall denkend.
Unter türkischen Linden, die blühen, an Rasenrändern,
in leise von ihrem Heimweh geschaukelten Ständern
atmen die Ara und wissen von ihren Ländern,
die sich, auch wenn sie nicht hinsehn, nicht verändern.
Fremd im beschäftigten Grünen wie eine Parade,
zieren sie sich und fühlen sich selber zu schade,
und mit den kostbaren Schnäbeln aus Jaspis und Jade
kauen sie Graues, verschleudern es, finden es fade.
Unten klauben die duffen Tauben, was sie nicht mögen,
während sich oben die höhnischen Vögel verbeugen
zwischen den beiden fast leeren vergeudeten Trögen.
Aber dann wiegen sie wieder und schläfern und äugen,
spielen mit dunkelen Zungen, die gerne lögen,
zerstreut an den Fußfesselringen. Warten auf Zeugen.
Die ewighelle Schar will nun ihr Licht verschließen;
Diana steht erblaßt; die Morgenröte lacht
Den grauen Himmel an, der sanfte Wind erwacht
Und reizt das Federvolk, den neuen Tag zu grüßen.
Das Leben dieser Welt eilt schon die Welt zu küssen
Und steckt sein Haupt empor; man sieht der Strahlen Pracht
Nun blinkern auf der See. O dreimal höchste Macht!
Erleuchte den, der sich jetzt beugt vor deinen Füßen!
Vertreib die dicke Nacht, die meine Seel umgibt,
Die Schmerzensfinsternis, die Herz und Geist betrübt!
Erquicke mein Gemüt und stärke mein Vertrauen!
Gib, daß ich diesen Tag in deinem Dienst allein
Zubring! und wenn mein End und jener Tag bricht ein,
Daß ich dich, meine Sonn! mein Licht! mög ewig schauen!
Aufgestanden ist er, welcher lange schlief,
Aufgestanden unten aus Gewölben tief.
In der Dämmrung steht er, groß und unerkannt,
Und den Mond zerdrückt er in der schwarzen Hand.
In den Abendlärm der Städte fällt es weit,
Frost und Schatten einer fremden Dunkelheit,
Und der Märkte runder Wirbel stockt zu Eis.
Es wird still. Sie sehn sich um. Und keiner weiß.
In den Gassen faßt es ihre Schulter leicht.
Eine Frage. Keine Antwort. Ein Gesicht erbleicht.
In der Ferne wimmert ein Geläute dünn
Und die Bärte zittern um ihr spitzes Kinn.
Auf den Bergen hebt er schon zu tanzen an
Und er schreit: Ihr Krieger alle, auf und an.
Und es schallet, wenn das schwarze Haupt er schwenkt,
Drum von tausend Schädeln laute Kette hängt.
Einem Turm gleich tritt er aus die letzte Glut,
Wo der Tag flieht, sind die Ströme schon voll Blut.
Zahllos sind die Leichen schon im Schilf gestreckt,
Von des Todes starken Vögeln weiß bedeckt.
Über runder Mauern blauem Flammenschwall
Steht er, über schwarzer Gassen Waffenschall.
Über Toren, wo die Wächter liegen quer,
Über Brücken, die von Bergen Toter schwer.
In der Nacht er jagt das Feuer querfeldein
einen roten Hund mit wilder Mäuler Schrein.
Aus dem Dunkel springt der Nächte schwarze Welt,
Von Vulkanen furchtbar ist ihr Rand erhellt.
Und mit tausend roten Zipfelmützen weit
Sind die finstren Ebnen flackend überstreut,
Und was unten auf den Straßen wimmelt hin und her,
Fegt er in die Feuerhaufen, daß die Flamme brenne mehr.
Und die Flammen fressen brennend Wald um Wald,
Gelbe Fledermäuse zackig in das Laub gekrallt.
Seine Stange haut er wie ein Köhlerknecht
In die Bäume, daß das Feuer brause recht.
Eine große Stadt versank in gelbem Rauch,
Warf sich lautlos in des Abgrunds Bauch.
Aber riesig über glühnden Trümmern steht
Der in wilde Himmel dreimal seine Fackel dreht,
Über sturmzerfetzter Wolken Widerschein,
In des toten Dunkels kalten Wüstenein,
Daß er mit dem Brande weit die Nacht verdorr,
Pech und Feuer träufet unten auf Gomorrh.
Sie wandern durch die Nacht der Städte hin,
Die schwarz sich ducken unter ihrem Fuß.
Wie Schifferbärte stehen um ihr Kinn
Die Wolken schwarz vom Rauch und Kohlenruß.
Ihr langer Schatten schwankt im Häusermeer
Und löscht der Straßen Lichterreihen aus.
Er kriecht wie Nebel auf dem Pflaster schwer
Und tastet langsam vorwärts Haus für Haus.
Den einen Fuß auf einen Platz gestellt,
Den anderen gekniet auf einen Turm,
Ragen sie auf, wo schwarz der Regen fällt,
Panspfeifen blasend in den Wolkensturm.
Um ihre Füße kreist das Ritornell
Des Städtemeers mit trauriger Musik,
Ein großes Sterbelied. Bald dumpf, bald grell
Wechselt der Ton, der in das Dunkel stieg.
Sie wandern an dem Strom, der schwarz und breit
Wie ein Reptil, den Rücken gelb gefleckt
Von den Laternen, in die Dunkelheit
Sich traurig wälzt, die schwarz den Himmel deckt.
Sie lehnen schwer auf einer Brückenwand
Und stecken ihre Hände in den Schwarm
Der Menschen aus, wie Faune, die am Rand
Der Sümpfe bohren in den Schlamm den Arm.
Einer steht auf. Dem weißen Monde hängt
Er eine schwarze Larve vor. Die Nacht,
Die sich wie Blei vom finstern Himmel senkt,
Drückt tief die Häuser in des Dunkels Schacht.
Der Städte Schultern knacken. Und es birst
Ein Dach, daraus ein rotes Feuer schwemmt.
Breitbeinig sitzen sie auf seinem First
Und schrein wie Katzen auf zum Firmament.
In einer Stube voll von Finsternissen
Schreit eine Wöchnerin in ihren Wehn.
Ihr starker Leib ragt riesig aus den Kissen,
Um den herum die großen Teufel stehn.
Sie hält sich zitternd an der Wehebank.
Das Zimmer schwankt um sie von ihrem Schrei,
Da kommt die Frucht. Ihr Schoß klafft rot und lang
Und blutend reißt er von der Frucht entzwei.
Der Teufel Hälse wachsen wie Giraffen.
Das Kind hat keinen Kopf. Die Mutter hält
Es vor sich hin. In ihrem Rücken klaffen
Des Schrecks Froschfinger, wenn sie rückwärts fällt.
Doch die Dämonen wachsen riesengroß.
Ihr Schläfenhorn zerreißt den Himmel rot.
Erdbeben donnert durch der Städte Schoß
Um ihren Huf, den Feuer überloht.
Sonne, herbstlich dünn und zag,
Und das Obst fällt von den Bäumen.
Stille wohnt in blauen Räumen
Einen langen Nachmittag.
Sterbeklänge von Metall;
Und ein weißes Tier bricht nieder.
Brauner Mädchen rauhe Lieder
Sind verweht im Blätterfall.
Stirne Gottes Farben träumt,
Spürt des Wahnsinns sanfte Flügel.
Schatten drehen sich am Hügel
Von Verwesung schwarz umsäumt.
Dämmerung voll Ruh und Wein;
Traurige Guitarren rinnen.
Und zur milden Lampe drinnen
Kehrst du wie im Traume ein.
Es ist ein Licht, das der Wind ausgelöscht hat.
Es ist ein Heidekrug, den am Nachmittag ein Betrunkener verläßt.
Es ist ein Weinberg, verbrannt und schwarz mit Löchern voll Spinnen.
Es ist ein Raum, den sie mit Milch getüncht haben.
Der Wahnsinnige ist gestorben. Es ist eine Insel der Südsee,
Den Sonnengott zu empfangen. Man rührt die Trommeln.
Die Männer führen kriegerische Tänze auf.
Die Frauen wiegen die Hüften in Schlinggewächsen und Feuerblumen,
Wenn das Meer singt. O unser verlorenes Paradies.
Die Nymphen haben die goldenen Wälder verlassen.
Man begräbt den Fremden. Dann hebt ein Flimmerregen an.
Der Sohn des Pan erscheint in Gestalt eines Erdarbeiters,
Der den Mittag am glühenden Asphalt verschläft.
Es sind kleine Mädchen in einem Hof in Kleidchen voll herzzerreißender Armut.
Es sind Zimmer, erfüllt von Akkorden und Sonaten.
Es sind Schatten, die sich vor einem erblindeten Spiegel umarmen.
An den Fenstern des Spitals wärmen sich Genesende.
Ein weißer Dampfer am Kanal trägt blutige Seuchen herauf.
Die fremde Schwester erscheint wieder in jemands bösen Träumen.
Ruhend im Haselgebüsch spielt sie mit seinen Schatten.
Der Student, vielleicht ein Doppelgänger, schaut ihr lange vom Fenster nach.
Hinter ihm steht sein toter Bruder, oder er geht die alte Wendeltreppe herab.
Im Dunkel brauner Kastanien verblaßt die Gestalt des jungen Novizen.
Der Garten ist im Abend. Im Kreuzgang flattern die Fledermäuse umher.
Die Kinder des Hausmeisters hören zu spielen auf und suchen das Gold des Himmels.
Endakkorde eines Quartetts. Die kleine Blinde läuft zitternd durch die Allee,
Und später tastet ihr Schatten an kalten Mauern hin, umgeben vom Märchen und heiligen Legenden.
Es ist ein leeres Boot, das am Abend den schwarzen Kanal heruntertreibt.
In der Düsternis des alten Asyls verfallen menschliche Ruinen.
Die toten Waisen liegen an der Gartenmauer.
Aus grauen Zimmern treten Engel mit kotgefleckten Flügeln.
Würmer tropfen von ihren vergilbten Lidern.
Der Platz vor der Kirche ist finster und schweigsam, wie in den Tagen der Kindheit.
Auf silbernen Sohlen gleiten frühere Leben vorbei
Und die Schatten der Verdammten steigen zu den seufzenden Wassern nieder.
In seinem Grab spielt der weiße Magier mit seinen Schlangen.
Schweigsam über der Schädelstätte öffnen sich Gottes goldene Augen.
Der Acker leuchtet weiß und kalt.
Der Himmel ist einsam und ungeheuer.
Dohlen kreisen über dem Weiher
Und Jäger steigen nieder vom Wald.
Ein Schweigen in schwarzen Wipfeln wohnt.
Ein Feuerschein huscht aus den Hütten.
Bisweilen schellt sehr fern ein Schlitten
Und langsam steigt der graue Mond.
Ein Wild verblutet sanft am Rain
Und Raben plätschern in blutigen Gossen.
Das Rohr bebt gelb und aufgeschossen.
Frost, Rauch, ein Schritt im leeren Hain.
Ich lasse mein Gesicht auf Sterne fallen,
Die wie getroffen auseinander hinken.
Die Wälder wandern mondwärts, schwarze Quallen,
Ins Blaumeer, daraus meine Blicke winken.
Mein Ich ist fort. Es macht die Sternenreise.
Das ist nicht Ich, wovon die Kleider scheinen.
Die Tage sterben weg, die weißen Greise.
Ichlose Nerven sind voll Furcht und weinen.
Durch die Büsche winden Sterne
Augen tauchen blaken sinken
Flüstern plätschert
Blüten gehren
Düfte spritzen
Schauer stürzen
Winde schnellen prellen schwellen
Tücher reißen
Fallen schrickt in tiefe Nacht.
Die Steine feinden
Fenster grinst Verrat
Äste würgen
Berge Sträucher blättern raschlig
gellen
Tod.
Under der linden
An der heide
Da unser zweier bette was.
Da mugt ir vinden
Schône beide
Gebrochen bluomen unde gras,
vor dem walde in einem tal.
Tandaradei,
schône sanc diu nahtegal.
Ich kam gegangen
Zuo der Ouwe:
Dô was mîn friedel komen ê
Dá war ich empfangen,
hêre frouwe
daz ich bin saelic iemer mê.
Kuste er mich? Wol tûsentstunt:
Tandaradei,
seht wie rôt mir ist der unt.
Do het er gemachet
Alsô rîche
Von bluomen eine bettstat.
Des wirt noch gelachet
Innecliche,
kumt iemen an daz selbe pfat.
Bî den rôsen er wol mac
Tandaradei,
merken wâ mirz houbet lac.
Daz er bi mir laege,
wessez iemen
(no enwelle got!), sô schamt ich mich.
Wes er mit mir pflaege,
niemer niemen
bevinde daz wan er und ich-
und ein kleinez vogellîn
tandaradei,
daz mac wol getriuwe sin.
Spude dich, Kronos!
Fort den rasselnden Trott!
Bergab gleitet der Weg;
Ekles Schwindeln zögert
Mir vor die Stirne dein Haudern.
Frisch den holpernden
Stock, Wurzeln, Steine den Trott
Rasch ins Leben hinein!
Nun schon wieder
Den eratmenden Schritt
Mühsam Berg hinauf.
Auf denn, nicht träge denn!
Strebend und hoffend an.
Weit, hoch, herrlich der Blick
Rings ins Leben hinein;
Vom Gebürg zum Gebürg,
Über der ewige Geist
Ewigen Lebens ahndevoll.
Seitwärts des Überdachs Schatten
Zieht dich an
Und der Frischung verheißende Blick
Auf der Schwelle des Mädchens da.
Labe dich! – Mir auch, Mädchen,
Diesen schäumenden Trunk
Und den freundlichen Gesundheitsblick!
Ab dann, frischer hinab!
Sieh, die Sonne sinkt!
Eh sie sinkt, eh mich faßt
Greisen im Moore Nebelduft,
Entzahnte Kiefer schnattern
Und das schlockernde Gebein –.
Trunknen vom letzten Strahl
Reiß mich, ein Feuermeer
Mir im schäumenden Aug,
Mich Geblendeten, Taumelnden
In der Hölle nächtliches Tor.
Töne, Schwager, dein Horn,
Raßle den schallenden Trab,
Daß der Orkus vernehme: ein Fürst kommt,
Drunten von ihren Sitzen
Sich die Gewaltigen lüften.
Es war einst ein König in Thule,
Gar treu bis an das Grab,
Dem sterbend seine Buhle
einen goldnen Becher gab.
Es ging ihm nichts darüber,
Er leert' ihn jeden Schmaus;
Die Augen gingen ihm über,
So oft er trank daraus.
Und als er kam zu sterben,
Zählt' er seine Städt' im Reich,
Gönnt' alles seinen Erben,
Den Becher nicht zugleich.
Er saß beim Königsmahle,
Die Ritter um ihn her,
Auf hohem Vätersaale
Dort auf dem Schloß am Meer.
Dort stand der alte Zecher,
Trank letzte Lebensglut
Und warf den heil'gen Becher
Hinunter in die Flut.
Er sah ihn stürzen, trinken
Und sinken tief ins Meer.
Die Augen täten ihm sinken,
Trank nie einen Tropfen mehr.
Füllest wieder Busch und Thal
Still mit Nebelglanz,
Lösest endlich auch einmal
Meine Seele ganz;
Breitest über mein Gefild
Lindernd deinen Blick,
Wie des Freundes Auge mild
Über mein Geschick.
Jeden Nachklang fühlt mein Herz
Froh und trüber Zeit,
Wandle zwischen Freud’ und Schmerz
In der Einsamkeit.
Fließe, fließe, lieber Fluß!
Nimmer werd’ ich froh;
So verrauschte Scherz und Kuß
Und die Treue so.
Ich besaß es doch einmal,
Was so köstlich ist!
Daß man doch zu seiner Qual
Nimmer es vergißt!
Rausche, Fluß, das Tal entlang,
Ohne Rast und Ruh,
Rausche, flüstre meinem Sang
Melodien zu!
Wenn du in der Winternacht
Wüthend überschwillst
Oder um die Frühlingspracht
Junger Knospen quillst.
Selig, wer sich vor der Welt
Ohne Haß verschließt,
Einen Freund am Busen hält
Und mit dem genießt,
Was, von Menschen nicht gewußt
Oder nicht bedacht,
Durch das Labyrinth der Brust
Wandelt in der Nacht.
Wer reitet so spät durch Nacht und Wind?
Es ist der Vater mit seinem Kind;
Er hat den Knaben wohl in dem Arm,
Er faßt ihn sicher, er hält ihn warm.
Mein Sohn, was birgst du so bang dein Gesicht? -
Siehst Vater, du den Erlkönig nicht?
Den Erlenkönig mit Kron und Schweif? -
Mein Sohn, es ist ein Nebelstreif. -
"Du liebes Kind, komm, geh mit mir!
Gar schöne Spiele spiel ich mit dir;
Manch bunte Blumen sind an dem Strand,
Meine Mutter hat manch gülden Gewand."
Mein Vater, mein Vater, und hörest du nicht,
Was Erlenkönig mir leise verspricht? -
Sei ruhig, bleibe ruhig, mein Kind;
In dürren Blättern säuselt der Wind. -
"Willst, feiner Knabe, du mit mir gehn?
Meine Töchter sollen dich warten schön;
Meine Töchter führen den nächtlichen Reihn
Und wiegen und tanzen und singen dich ein."
Mein Vater, mein Vater, und siehst du nicht dort
Erlkönigs Töchter am düstern Ort? -
Mein Sohn, mein Sohn, ich seh es genau:
Es scheinen die alten Weiden so grau. -
"Ich liebe dich, mich reizt deine schöne Gestalt;
Und bist du nicht willig, so brauch ich Gewalt."
Mein Vater, mein Vater, jetzt faßt er mich an!
Erlkönig hat mir ein Leids getan! -
Dem Vater grauset's, er reitet geschwind,
Er hält in den Armen das ächzende Kind,
Erreicht den Hof mit Mühe und Not;
In seinen Armen das Kind war tot.
Hat der alte Hexenmeister
Sich doch einmal wegbegeben!
Und nun sollen seine Geister
Auch nach meinem Willen leben.
Seine Wort' und Werke
Merkt ich und den Brauch,
Und mit Geistesstärke
Tu ich Wunder auch.
Walle! walle
Manche Strecke,
Daß, zum Zwecke,
Wasser fließe
Und mit reichem, vollem Schwalle
Zu dem Bade sich ergieße.
Und nun komm, du alter Besen!
Nimm die schlechten Lumpenhüllen;
Bist schon lange Knecht gewesen:
Nun erfülle meinen Willen!
Auf zwei Beinen stehe,
Oben sei ein Kopf,
Eile nun und gehe
Mit dem Wassertopf!
Walle! walle
Manche Strecke,
Daß, zum Zwecke,
Wasser fließe
Und mit reichem, vollem Schwalle
Zu dem Bade sich ergieße.
Seht, er läuft zum Ufer nieder,
Wahrlich! ist schon an dem Flusse,
Und mit Blitzesschnelle wieder
Ist er hier mit raschem Gusse.
Schon zum zweiten Male!
Wie das Becken schwillt!
Wie sich jede Schale
Voll mit Wasser füllt!
Stehe! stehe!
Denn wir haben
Deiner Gaben
Vollgemessen! –
Ach, ich merk es! Wehe! wehe!
Hab ich doch das Wort vergessen!
Ach, das Wort, worauf am Ende
Er das wird, was er gewesen.
Ach, er läuft und bringt behende!
Wärst du doch der alte Besen!
Immer neue Güsse
Bringt er schnell herein,
Ach! und hundert Flüsse
Stürzen auf mich ein.
Nein, nicht länger
Kann ichs lassen;
Will ihn fassen.
Das ist Tücke!
Ach! nun wird mir immer bänger!
Welche Miene! welche Blicke!
O, du Ausgeburt der Hölle!
Soll das ganze Haus ersaufen?
Seh ich über jede Schwelle
Doch schon Wasserströme laufen.
Ein verruchter Besen,
Der nicht hören will!
Stock, der du gewesen,
Steh doch wieder still!
Willsts am Ende
Gar nicht lassen?
Will dich fassen,
Will dich halten
Und das alte Holz behende
Mit dem scharfen Beile spalten.
Seht, da kommt er schleppend wieder!
Wie ich mich nur auf dich werfe,
Gleich, o Kobold, liegst du nieder;
Krachend trifft die glatte Schärfe.
Wahrlich! brav getroffen!
Seht, er ist entzwei!
Und nun kann ich hoffen,
Und ich atme frei!
Wehe! wehe!
Beide Teile
Stehn in Eile
Schon als Knechte
Völlig fertig in die Höhe!
Helft mir, ach! ihr hohen Mächte!
Und sie laufen! Naß und nässer.
Wirds im Saal und auf den Stufen.
Welch entsetzliches Gewässer!
Herr und Meister! hör mich rufen! –
Ach, da kommt der Meister!
Herr, die Not ist groß!
Die ich rief, die Geister
Werd ich nun nicht los.
»In die Ecke,
Besen! Besen!
Seids gewesen.
Denn als Geister
Ruft euch nur, zu seinem Zwecke,
Erst hervor der alte Meister.«
Wann das Abendrot die Haine
Mit den Abschiedsflammen küßt,
Wann im prächtgen Morgenscheine
Lerchenklang die Sonne grüßt,
O dann werf ich Jubellieder
Ins Lobpreisen der Natur,
Echo spricht die Töne wieder,
Alles preißt den Ewgen nur.
Mit den Quellen geht mein Grüßen,
Und das taube Herz in mir
Hat dem Gott erwachen müssen,
Der uns schirmet für und für.
Meereswogen laut erklingen,
In den Wäldern wohnt manch Schall;
Und wir sollten nicht besingen,
Da die Freude überall?
Mit gelben Birnen hänget
Und voll mit wilden Rosen
Das Land in den See,
Ihr holden Schwäne,
Und trunken von Küssen
Tunkt ihr das Haupt
Ins heilignüchterne Wasser.
Weh mir, wo nehm’ ich, wenn
Es Winter ist, die Blumen, und wo
Den Sonnenschein,
Und Schatten der Erde?
Die Mauern stehn
Sprachlos und kalt, im Winde
Klirren die Fahnen.
Ich hört ein Sichlein rauschen,
Wohl rauschen durch das Korn,
Ich hört ein Mägdlein klagen,
Sie hätt ihr Lieb verlorn.
Laß rauschen, Lieb, laß rauschen,
Ich acht nicht, wie es geht,
Ich thät mein Lieb vertauschen
In Veilchen und im Klee.
Du hast ein Mägdlein worben
In Veilchen und im Klee,
So steh ich hier alleine,
Thut meinem Herzen weh.
Ich hör ein Hirschlein rauschen
Wohl rauschen durch den Wald,
Ich hör mein Lieb sich klagen,
Die Lieb verrauscht so bald.
Laß rauschen, Lieb, laß rauschen,
Ich weiß nicht, wie mir wird,
Die Bächlein immer rauschen,
Und keines sich verirrt.
Dämmrung will die Flügel spreiten,
Schaurig rühren sich die Bäume,
Wolken ziehn wie schwere Träume -
Was will dieses Graun bedeuten?
Hast ein Reh du lieb vor andern,
Laß es nicht alleine grasen,
Jäger ziehn im Wald und blasen,
Stimmen hin und wider wandern.
Hast du einen Freund hienieden,
Trau ihm nicht zu dieser Stunde,
Freundlich wohl mit Aug und Munde,
Sinnt er Krieg im tückschen Frieden.
Was heut müde gehet unter,
Hebt sich morgen neugeboren.
Manches bleibt in Nacht verloren -
Hüte dich, bleib wach und munter!
Schweigt der Menschen laute Lust:
Rauscht die Erde wie in Träumen
Wunderbar mit allen Bäumen,
Was dem Herzen kaum bewusst,
Alte Zeiten, linde Trauer,
Und es schweifen leise Schauer
Wetterleuchtend durch die Brust.
Wenn ich, von deinem Anschaun tief gestillt,
Mich stumm an deinem heilgen Wert vergnüge,
dann hör ich recht die leisen Atemzüge
Des Engels, welcher sich in dir verhüllt.
Und ein erstaunt, ein fragend Lächeln quillt
Auf meinen Mund, ob mich kein Traum betrüge,
Daß nun in dir, zu ewiger Genüge,
Mein kühnster Wunsch, mein einzger, sich erfüllt?
Von Tiefe dann zu Tiefen stürzt mein Sinn,
Ich höre aus der Gottheit nächtger Ferne
Die Quellen des Geschicks melodisch rauschen.
Betäubt kehr ich den Blick nach oben hin,
Zum Himmel auf - da lächeln alle Sterne;
Ich kniee, ihrem Lichtgesang zu lauschen.
Ich hör die Bächlein rauschen
Im Walde her und hin,
Im Walde in dem Rauschen
Ich weiß nicht, wo ich bin.
Die Nachtigallen schlagen
Hier in der Einsamkeit,
Als wollten sie was sagen
Von der alten, schönen Zeit.
Die Mondesschimmer fliegen,
Als säh ich unter mir
Das Schloß im Tale liegen,
Und ist doch so weit von hier!
Als müßte in dem Garten,
Voll Rosen weiß und rot,
Meine Liebste auf mich warten,
Und ist doch lange tot.
Reißt die Kreuze aus der Erden!
Alle sollen Schwerter werden,
Gott im Himmel wird's verzeihn.
Laßt, o laßt das Verseschweißen!
Auf den Amboß legt das Eisen!
Heiland soll das Eisen sein.
Eure Tannen, eure Eichen -
Habt die grünen Fragezeichen
Deutscher Freiheit ihr gewahrt?
Nein, sie soll nicht untergehen!
Doch ihr fröhlich Auferstehen
Kostet eine Höllenfahrt.
Deutsche, glaubet euren Sehern,
Unsre Tage werden ehern,
Unsre Zukunft klirrt in Erz;
Schwarzer Tod ist unser Sold nur,
Unser Gold ein Abendgold nur,
Unser Rot ein blutend Herz!
Reißt die Kreuze aus der Erden!
Alle sollen Schwerter werden,
Gott im Himmel wird's verzeihn.
Hört er unsre Feuer brausen
Und sein heilig Eisen sausen,
Spricht er wohl den Segen drein.
Vor der Freiheit sei kein Frieden,
Sei dem Mann kein Weib beschieden
Und kein golden Korn dem Feld;
Vor der Freiheit, vor dem Siege
Seh kein Säugling aus der Wiege
Frohen Blickes in die Welt!
In den Städten sei nur Trauern,
Bis die Freiheit von den Mauern
Schwingt die Fahnen in das Land;
Bis du, Rhein, durch freie Bogen
Donnerst, laß die letzten Wogen
Fluchend knirschen in den Sand.
Reißt die Kreuze aus der Erden!
Alle sollen Schwerter werden,
Gott im Himmel wird's verzeihn.
Gen Tyrannen und Philister!
Auch das Schwert hat seine Priester,
Und wir wollen Priester sein!
Wohlauf, wohlauf, über Berg und Fluß
Dem Morgenrot entgegen,
Dem treuen Weib den letzten Kuß,
Und dann zum treuen Degen!
Bis unsre Hand in Asche stiebt,
Soll sie vom Schwert nicht lassen;
Wir haben lang genug geliebt,
Und wollen endlich hassen!
Die Liebe kann uns helfen nicht,
Die Liebe nicht erretten;
Halt du, o Haß, dein jüngst Gericht,
Brich du, o Haß, die Ketten!
Und wo es noch Tyrannen gibt,
Die laßt uns keck erfassen;
Wir haben lang genug geliebt,
Und wollen endlich hassen!
Wer noch ein Herz besitzt, dem soll's
Im Hasse nur sich rühren;
Allüberall ist dürres Holz,
Um unsre Glut zu schüren.
Die ihr der Freiheit noch verbliebt,
Singt durch die deutschen Straßen:
»Ihr habet lang genug geliebt,
O lernet endlich hassen!«
Bekämpfet sie ohn' Unterlaß,
Die Tyrannei auf Erden,
Und heiliger wird unser Haß ,
Als unsre Liebe, werden.
Bis unsre Hand in Asche stiebt,
Soll sie vom Schwert nicht lassen;
Wir haben lang genug geliebt,
Und wollen endlich hassen!
Singet leise, leise, leise,
singt ein flüsternd Wiegenlied;
von dem Monde lernt die Weise,
der so still am Himmel zieht.
Singt ein Lied so süß gelinde,
wie die Quellen auf den Kieseln,
wie die Bienen um die Linde
summen, murmeln, flüstern, rieseln.
Hörst du nicht die Quellen gehen
Zwischen Stein und Blumen weit
Nach den stillen Waldesseen,
Wo die Marmorbilder stehen
In der schönen Einsamkeit?
Von den Bergen sacht hernieder,
Weckend die uralten Lieder,
Steigt die wunderbare Nacht,
Und die Gründe glänzen wieder,
Wie dus oft im Traum gedacht.
Kennst die Blume du, entsprossen
In dem mondbeglänzten Grund?
Aus der Knospe, halb erschlossen,
Junge Glieder blühend sprossen,
Weiße Arme, roter Mund,
Und die Nachtigallen schlagen,
Und rings hebt es an zu klagen,
Ach, vor Liebe todeswund,
Von versunknen schönen Tagen –
Komm, o komm zum stillen Grund!
